Code Domaine,Domaine,Code zone (M49),Zone,Code Élément,Élément,Code Produit (CPC),Produit,Code année,Année,Unité,Valeur,Symbole,Description du Symbole,Note
"QCL","Cultures et produits animaux","250","France","5312","Superficie récoltée","0111","Blé","1961","1961","ha","3997300","A","Chiffre officiel",""
"QCL","Cultures et produits animaux","250","France","5412","Rendement","0111","Blé","1961","1961","kg/ha","2395","A","Chiffre officiel",""
"QCL","Cultures et produits animaux","250","France","5510","Production","0111","Blé","1961","1961","tonnes","9573520","A","Chiffre officiel",""
"QCL","Cultures et produits animaux","250","France","5312","Superficie récoltée","0111","Blé","1962","1962","ha","4570000","A","Chiffre officiel",""
"QCL","Cultures et produits animaux","250","France","5412","Rendement","0111","Blé","1962","1962","kg/ha","3075.2","A","Chiffre officiel",""
"QCL","Cultures et produits animaux","250","France","5510","Production","0111","Blé","1962","1962","tonnes","14053770","A","Chiffre officiel",""
"QCL","Cultures et produits animaux","250","France","5312","Superficie récoltée","0111","Blé","1963","1963","ha","3849500","A","Chiffre officiel",""
"QCL","Cultures et produits animaux","250","France","5412","Rendement","0111","Blé","1963","1963","kg/ha","2662.4","A","Chiffre officiel",""
"QCL","Cultures et produits animaux","250","France","5510","Production","0111","Blé","1963","1963","tonnes","10248960","A","Chiffre officiel",""
"QCL","Cultures et produits animaux","250","France","5312","Superficie récoltée","0111","Blé","1964","1964","ha","4388200","A","Chiffre officiel",""
"QCL","Cultures et produits animaux","250","France","5412","Rendement","0111","Blé","1964","1964","kg/ha","3153.4","A","Chiffre officiel",""
"QCL","Cultures et produits animaux","250","France","5510","Production","0111","Blé","1964","1964","tonnes","13837700","A","Chiffre officiel",""
"QCL","Cultures et produits animaux","250","France","5312","Superficie récoltée","0111","Blé","1965","1965","ha","4520000","A","Chiffre officiel",""
"QCL","Cultures et produits animaux","250","France","5412","Rendement","0111","Blé","1965","1965","kg/ha","3265.5","A","Chiffre officiel",""
"QCL","Cultures et produits animaux","250","France","5510","Production","0111","Blé","1965","1965","tonnes","14760000","A","Chiffre officiel",""
"QCL","Cultures et produits animaux","250","France","5312","Superficie récoltée","0111","Blé","1966","1966","ha","3992300","A","Chiffre officiel",""
"QCL","Cultures et produits animaux","250","France","5412","Rendement","0111","Blé","1966","1966","kg/ha","2829.6","A","Chiffre officiel",""
"QCL","Cultures et produits animaux","250","France","5510","Production","0111","Blé","1966","1966","tonnes","11296620","A","Chiffre officiel",""
"QCL","Cultures et produits animaux","250","France","5312","Superficie récoltée","0111","Blé","1967","1967","ha","3928900","A","Chiffre officiel",""
"QCL","Cultures et produits animaux","250","France","5412","Rendement","0111","Blé","1967","1967","kg/ha","3636.5","A","Chiffre officiel",""
"QCL","Cultures et produits animaux","250","France","5510","Production","0111","Blé","1967","1967","tonnes","14287540","A","Chiffre officiel",""
"QCL","Cultures et produits animaux","250","France","5312","Superficie récoltée","0111","Blé","1968","1968","ha","4089700","A","Chiffre officiel",""
"QCL","Cultures et produits animaux","250","France","5412","Rendement","0111","Blé","1968","1968","kg/ha","3664.1","A","Chiffre officiel",""
"QCL","Cultures et produits animaux","250","France","5510","Production","0111","Blé","1968","1968","tonnes","14984900","A","Chiffre officiel",""
"QCL","Cultures et produits animaux","250","France","5312","Superficie récoltée","0111","Blé","1969","1969","ha","4034200","A","Chiffre officiel",""
"QCL","Cultures et produits animaux","250","France","5412","Rendement","0111","Blé","1969","1969","kg/ha","3580.9","A","Chiffre officiel",""
"QCL","Cultures et produits animaux","250","France","5510","Production","0111","Blé","1969","1969","tonnes","14446000","A","Chiffre officiel",""
"QCL","Cultures et produits animaux","250","France","5312","Superficie récoltée","0111","Blé","1970","1970","ha","3696000","A","Chiffre officiel",""
"QCL","Cultures et produits animaux","250","France","5412","Rendement","0111","Blé","1970","1970","kg/ha","3422.3","A","Chiffre officiel",""
"QCL","Cultures et produits animaux","250","France","5510","Production","0111","Blé","1970","1970","tonnes","12649000","A","Chiffre officiel",""
"QCL","Cultures et produits animaux","250","France","5312","Superficie récoltée","0111","Blé","1971","1971","ha","3947000","A","Chiffre officiel",""
"QCL","Cultures et produits animaux","250","France","5412","Rendement","0111","Blé","1971","1971","kg/ha","3861.4","A","Chiffre officiel",""
"QCL","Cultures et produits animaux","250","France","5510","Production","0111","Blé","1971","1971","tonnes","15241000","A","Chiffre officiel",""
"QCL","Cultures et produits animaux","250","France","5312","Superficie récoltée","0111","Blé","1972","1972","ha","3938000","A","Chiffre officiel",""
"QCL","Cultures et produits animaux","250","France","5412","Rendement","0111","Blé","1972","1972","kg/ha","4569.8","A","Chiffre officiel",""
"QCL","Cultures et produits animaux","250","France","5510","Production","0111","Blé","1972","1972","tonnes","17996000","A","Chiffre officiel",""
"QCL","Cultures et produits animaux","250","France","5312","Superficie récoltée","0111","Blé","1973","1973","ha","3961000","A","Chiffre officiel",""
"QCL","Cultures et produits animaux","250","France","5412","Rendement","0111","Blé","1973","1973","kg/ha","4506.7","A","Chiffre officiel",""
"QCL","Cultures et produits animaux","250","France","5510","Production","0111","Blé","1973","1973","tonnes","17851008","A","Chiffre officiel",""
"QCL","Cultures et produits animaux","250","France","5312","Superficie récoltée","0111","Blé","1974","1974","ha","4146000","A","Chiffre officiel",""
"QCL","Cultures et produits animaux","250","France","5412","Rendement","0111","Blé","1974","1974","kg/ha","4584.4","A","Chiffre officiel",""
"QCL","Cultures et produits animaux","250","France","5510","Production","0111","Blé","1974","1974","tonnes","19007008","A","Chiffre officiel",""
"QCL","Cultures et produits animaux","250","France","5312","Superficie récoltée","0111","Blé","1975","1975","ha","3875900","A","Chiffre officiel",""
"QCL","Cultures et produits animaux","250","France","5412","Rendement","0111","Blé","1975","1975","kg/ha","3873.4","A","Chiffre officiel",""
"QCL","Cultures et produits animaux","250","France","5510","Production","0111","Blé","1975","1975","tonnes","15013000","A","Chiffre officiel",""
"QCL","Cultures et produits animaux","250","France","5312","Superficie récoltée","0111","Blé","1976","1976","ha","4275000","A","Chiffre officiel",""
"QCL","Cultures et produits animaux","250","France","5412","Rendement","0111","Blé","1976","1976","kg/ha","3772.2","A","Chiffre officiel",""
"QCL","Cultures et produits animaux","250","France","5510","Production","0111","Blé","1976","1976","tonnes","16126000","A","Chiffre officiel",""
"QCL","Cultures et produits animaux","250","France","5312","Superficie récoltée","0111","Blé","1977","1977","ha","4125000","A","Chiffre officiel",""
"QCL","Cultures et produits animaux","250","France","5412","Rendement","0111","Blé","1977","1977","kg/ha","4230.3","A","Chiffre officiel",""
"QCL","Cultures et produits animaux","250","France","5510","Production","0111","Blé","1977","1977","tonnes","17450000","A","Chiffre officiel",""
"QCL","Cultures et produits animaux","250","France","5312","Superficie récoltée","0111","Blé","1978","1978","ha","4166600","A","Chiffre officiel",""
"QCL","Cultures et produits animaux","250","France","5412","Rendement","0111","Blé","1978","1978","kg/ha","5032.3","A","Chiffre officiel",""
"QCL","Cultures et produits animaux","250","France","5510","Production","0111","Blé","1978","1978","tonnes","20967712","A","Chiffre officiel",""
"QCL","Cultures et produits animaux","250","France","5312","Superficie récoltée","0111","Blé","1979","1979","ha","4087000","A","Chiffre officiel",""
"QCL","Cultures et produits animaux","250","France","5412","Rendement","0111","Blé","1979","1979","kg/ha","4782","A","Chiffre officiel",""
"QCL","Cultures et produits animaux","250","France","5510","Production","0111","Blé","1979","1979","tonnes","19544000","A","Chiffre officiel",""
"QCL","Cultures et produits animaux","250","France","5312","Superficie récoltée","0111","Blé","1980","1980","ha","4590000","A","Chiffre officiel",""
"QCL","Cultures et produits animaux","250","France","5412","Rendement","0111","Blé","1980","1980","kg/ha","5181","A","Chiffre officiel",""
"QCL","Cultures et produits animaux","250","France","5510","Production","0111","Blé","1980","1980","tonnes","23781008","A","Chiffre officiel",""
"QCL","Cultures et produits animaux","250","France","5312","Superficie récoltée","0111","Blé","1981","1981","ha","4742000","A","Chiffre officiel",""
"QCL","Cultures et produits animaux","250","France","5412","Rendement","0111","Blé","1981","1981","kg/ha","5011","A","Chiffre officiel",""
"QCL","Cultures et produits animaux","250","France","5510","Production","0111","Blé","1981","1981","tonnes","23762000","A","Chiffre officiel",""
"QCL","Cultures et produits animaux","250","France","5312","Superficie récoltée","0111","Blé","1982","1982","ha","4843000","A","Chiffre officiel",""
"QCL","Cultures et produits animaux","250","France","5412","Rendement","0111","Blé","1982","1982","kg/ha","5236","A","Chiffre officiel",""
"QCL","Cultures et produits animaux","250","France","5510","Production","0111","Blé","1982","1982","tonnes","25358000","A","Chiffre officiel",""
"QCL","Cultures et produits animaux","250","France","5312","Superficie récoltée","0111","Blé","1983","1983","ha","4826000","A","Chiffre officiel",""
"QCL","Cultures et produits animaux","250","France","5412","Rendement","0111","Blé","1983","1983","kg/ha","5127.4","A","Chiffre officiel",""
"QCL","Cultures et produits animaux","250","France","5510","Production","0111","Blé","1983","1983","tonnes","24745008","A","Chiffre officiel",""
"QCL","Cultures et produits animaux","250","France","5312","Superficie récoltée","0111","Blé","1984","1984","ha","5105000","A","Chiffre officiel",""
"QCL","Cultures et produits animaux","250","France","5412","Rendement","0111","Blé","1984","1984","kg/ha","6459.7","A","Chiffre officiel",""
"QCL","Cultures et produits animaux","250","France","5510","Production","0111","Blé","1984","1984","tonnes","32977008","A","Chiffre officiel",""
"QCL","Cultures et produits animaux","250","France","5312","Superficie récoltée","0111","Blé","1985","1985","ha","4797400","A","Chiffre officiel",""
"QCL","Cultures et produits animaux","250","France","5412","Rendement","0111","Blé","1985","1985","kg/ha","5999.9","A","Chiffre officiel",""
"QCL","Cultures et produits animaux","250","France","5510","Production","0111","Blé","1985","1985","tonnes","28784000","A","Chiffre officiel",""
"QCL","Cultures et produits animaux","250","France","5312","Superficie récoltée","0111","Blé","1986","1986","ha","4858900","A","Chiffre officiel",""
"QCL","Cultures et produits animaux","250","France","5412","Rendement","0111","Blé","1986","1986","kg/ha","5448.7","A","Chiffre officiel",""
"QCL","Cultures et produits animaux","250","France","5510","Production","0111","Blé","1986","1986","tonnes","26474784","A","Chiffre officiel",""
"QCL","Cultures et produits animaux","250","France","5312","Superficie récoltée","0111","Blé","1987","1987","ha","4932100","A","Chiffre officiel",""
"QCL","Cultures et produits animaux","250","France","5412","Rendement","0111","Blé","1987","1987","kg/ha","5558.4","A","Chiffre officiel",""
"QCL","Cultures et produits animaux","250","France","5510","Production","0111","Blé","1987","1987","tonnes","27414576","A","Chiffre officiel",""
"QCL","Cultures et produits animaux","250","France","5312","Superficie récoltée","0111","Blé","1988","1988","ha","4721000","A","Chiffre officiel",""
"QCL","Cultures et produits animaux","250","France","5412","Rendement","0111","Blé","1988","1988","kg/ha","6150.9","A","Chiffre officiel",""
"QCL","Cultures et produits animaux","250","France","5510","Production","0111","Blé","1988","1988","tonnes","29038496","A","Chiffre officiel",""
"QCL","Cultures et produits animaux","250","France","5312","Superficie récoltée","0111","Blé","1989","1989","ha","5013000","A","Chiffre officiel",""
"QCL","Cultures et produits animaux","250","France","5412","Rendement","0111","Blé","1989","1989","kg/ha","6348","A","Chiffre officiel",""
"QCL","Cultures et produits animaux","250","France","5510","Production","0111","Blé","1989","1989","tonnes","31822304","A","Chiffre officiel",""
"QCL","Cultures et produits animaux","250","France","5312","Superficie récoltée","0111","Blé","1990","1990","ha","5147000","A","Chiffre officiel",""
"QCL","Cultures et produits animaux","250","France","5412","Rendement","0111","Blé","1990","1990","kg/ha","6478.7","A","Chiffre officiel",""
"QCL","Cultures et produits animaux","250","France","5510","Production","0111","Blé","1990","1990","tonnes","33345808","A","Chiffre officiel",""
"QCL","Cultures et produits animaux","250","France","5312","Superficie récoltée","0111","Blé","1991","1991","ha","5146847","A","Chiffre officiel",""
"QCL","Cultures et produits animaux","250","France","5412","Rendement","0111","Blé","1991","1991","kg/ha","6676.4","A","Chiffre officiel",""
"QCL","Cultures et produits animaux","250","France","5510","Production","0111","Blé","1991","1991","tonnes","34362204.4","A","Chiffre officiel",""
"QCL","Cultures et produits animaux","250","France","5312","Superficie récoltée","0111","Blé","1992","1992","ha","5077312","A","Chiffre officiel",""
"QCL","Cultures et produits animaux","250","France","5412","Rendement","0111","Blé","1992","1992","kg/ha","6399.2","A","Chiffre officiel",""
"QCL","Cultures et produits animaux","250","France","5510","Production","0111","Blé","1992","1992","tonnes","32490754.5","A","Chiffre officiel",""
"QCL","Cultures et produits animaux","250","France","5312","Superficie récoltée","0111","Blé","1993","1993","ha","4510466","A","Chiffre officiel",""
"QCL","Cultures et produits animaux","250","France","5412","Rendement","0111","Blé","1993","1993","kg/ha","6473.9","A","Chiffre officiel",""
"QCL","Cultures et produits animaux","250","France","5510","Production","0111","Blé","1993","1993","tonnes","29200262.6","A","Chiffre officiel",""
"QCL","Cultures et produits animaux","250","France","5312","Superficie récoltée","0111","Blé","1994","1994","ha","4572752","A","Chiffre officiel",""
"QCL","Cultures et produits animaux","250","France","5412","Rendement","0111","Blé","1994","1994","kg/ha","6668.5","A","Chiffre officiel",""
"QCL","Cultures et produits animaux","250","France","5510","Production","0111","Blé","1994","1994","tonnes","30493197.1","A","Chiffre officiel",""
"QCL","Cultures et produits animaux","250","France","5312","Superficie récoltée","0111","Blé","1995","1995","ha","4743444","A","Chiffre officiel",""
"QCL","Cultures et produits animaux","250","France","5412","Rendement","0111","Blé","1995","1995","kg/ha","6507.9","A","Chiffre officiel",""
"QCL","Cultures et produits animaux","250","France","5510","Production","0111","Blé","1995","1995","tonnes","30869728.6","A","Chiffre officiel",""
"QCL","Cultures et produits animaux","250","France","5312","Superficie récoltée","0111","Blé","1996","1996","ha","5035701","A","Chiffre officiel",""
"QCL","Cultures et produits animaux","250","France","5412","Rendement","0111","Blé","1996","1996","kg/ha","7136.1","A","Chiffre officiel",""
"QCL","Cultures et produits animaux","250","France","5510","Production","0111","Blé","1996","1996","tonnes","35935157.3","A","Chiffre officiel",""
"QCL","Cultures et produits animaux","250","France","5312","Superficie récoltée","0111","Blé","1997","1997","ha","5108308","A","Chiffre officiel",""
"QCL","Cultures et produits animaux","250","France","5412","Rendement","0111","Blé","1997","1997","kg/ha","6628.8","A","Chiffre officiel",""
"QCL","Cultures et produits animaux","250","France","5510","Production","0111","Blé","1997","1997","tonnes","33862197.6","A","Chiffre officiel",""
"QCL","Cultures et produits animaux","250","France","5312","Superficie récoltée","0111","Blé","1998","1998","ha","5232624","A","Chiffre officiel",""
"QCL","Cultures et produits animaux","250","France","5412","Rendement","0111","Blé","1998","1998","kg/ha","7606.3","A","Chiffre officiel",""
"QCL","Cultures et produits animaux","250","France","5510","Production","0111","Blé","1998","1998","tonnes","39801138.2","A","Chiffre officiel",""
"QCL","Cultures et produits animaux","250","France","5312","Superficie récoltée","0111","Blé","1999","1999","ha","5104076","A","Chiffre officiel",""
"QCL","Cultures et produits animaux","250","France","5412","Rendement","0111","Blé","1999","1999","kg/ha","7239.5","A","Chiffre officiel",""
"QCL","Cultures et produits animaux","250","France","5510","Production","0111","Blé","1999","1999","tonnes","36950991.1","A","Chiffre officiel",""
"QCL","Cultures et produits animaux","250","France","5312","Superficie récoltée","0111","Blé","2000","2000","ha","5248436","A","Chiffre officiel",""
"QCL","Cultures et produits animaux","250","France","5412","Rendement","0111","Blé","2000","2000","kg/ha","7117.5","A","Chiffre officiel",""
"QCL","Cultures et produits animaux","250","France","5510","Production","0111","Blé","2000","2000","tonnes","37355956.9","A","Chiffre officiel",""
"QCL","Cultures et produits animaux","250","France","5312","Superficie récoltée","0111","Blé","2001","2001","ha","4767362","A","Chiffre officiel",""
"QCL","Cultures et produits animaux","250","France","5412","Rendement","0111","Blé","2001","2001","kg/ha","6616.9","A","Chiffre officiel",""
"QCL","Cultures et produits animaux","250","France","5510","Production","0111","Blé","2001","2001","tonnes","31545319.3","A","Chiffre officiel",""
"QCL","Cultures et produits animaux","250","France","5312","Superficie récoltée","0111","Blé","2002","2002","ha","5229556","A","Chiffre officiel",""
"QCL","Cultures et produits animaux","250","France","5412","Rendement","0111","Blé","2002","2002","kg/ha","7445.5","A","Chiffre officiel",""
"QCL","Cultures et produits animaux","250","France","5510","Production","0111","Blé","2002","2002","tonnes","38936514.8","A","Chiffre officiel",""
"QCL","Cultures et produits animaux","250","France","5312","Superficie récoltée","0111","Blé","2003","2003","ha","4876697","A","Chiffre officiel",""
"QCL","Cultures et produits animaux","250","France","5412","Rendement","0111","Blé","2003","2003","kg/ha","6250","A","Chiffre officiel",""
"QCL","Cultures et produits animaux","250","France","5510","Production","0111","Blé","2003","2003","tonnes","30479361.5","A","Chiffre officiel",""
"QCL","Cultures et produits animaux","250","France","5312","Superficie récoltée","0111","Blé","2004","2004","ha","5237005","A","Chiffre officiel",""
"QCL","Cultures et produits animaux","250","France","5412","Rendement","0111","Blé","2004","2004","kg/ha","7578.8","A","Chiffre officiel",""
"QCL","Cultures et produits animaux","250","France","5510","Production","0111","Blé","2004","2004","tonnes","39690179.5","A","Chiffre officiel",""
"QCL","Cultures et produits animaux","250","France","5312","Superficie récoltée","0111","Blé","2005","2005","ha","5277999","A","Chiffre officiel",""
"QCL","Cultures et produits animaux","250","France","5412","Rendement","0111","Blé","2005","2005","kg/ha","6988.7","A","Chiffre officiel",""
"QCL","Cultures et produits animaux","250","France","5510","Production","0111","Blé","2005","2005","tonnes","36886102.6","A","Chiffre officiel",""
"QCL","Cultures et produits animaux","250","France","5312","Superficie récoltée","0111","Blé","2006","2006","ha","5245735","A","Chiffre officiel",""
"QCL","Cultures et produits animaux","250","France","5412","Rendement","0111","Blé","2006","2006","kg/ha","6741.4","A","Chiffre officiel",""
"QCL","Cultures et produits animaux","250","France","5510","Production","0111","Blé","2006","2006","tonnes","35363563.4","A","Chiffre officiel",""
"QCL","Cultures et produits animaux","250","France","5312","Superficie récoltée","0111","Blé","2007","2007","ha","5238602","A","Chiffre officiel",""
"QCL","Cultures et produits animaux","250","France","5412","Rendement","0111","Blé","2007","2007","kg/ha","6254.2","A","Chiffre officiel",""
"QCL","Cultures et produits animaux","250","France","5510","Production","0111","Blé","2007","2007","tonnes","32763445.9","A","Chiffre officiel",""
"QCL","Cultures et produits animaux","250","France","5312","Superficie récoltée","0111","Blé","2008","2008","ha","5492443","A","Chiffre officiel",""
"QCL","Cultures et produits animaux","250","France","5412","Rendement","0111","Blé","2008","2008","kg/ha","7101.8","A","Chiffre officiel",""
"QCL","Cultures et produits animaux","250","France","5510","Production","0111","Blé","2008","2008","tonnes","39006372","A","Chiffre officiel",""
"QCL","Cultures et produits animaux","250","France","5312","Superficie récoltée","0111","Blé","2009","2009","ha","5147394","A","Chiffre officiel",""
"QCL","Cultures et produits animaux","250","France","5412","Rendement","0111","Blé","2009","2009","kg/ha","7447.8","A","Chiffre officiel",""
"QCL","Cultures et produits animaux","250","France","5510","Production","0111","Blé","2009","2009","tonnes","38336864.7","A","Chiffre officiel",""
"QCL","Cultures et produits animaux","250","France","5312","Superficie récoltée","0111","Blé","2010","2010","ha","5426820","A","Chiffre officiel",""
"QCL","Cultures et produits animaux","250","France","5412","Rendement","0111","Blé","2010","2010","kg/ha","7040.5","A","Chiffre officiel",""
"QCL","Cultures et produits animaux","250","France","5510","Production","0111","Blé","2010","2010","tonnes","38207431","A","Chiffre officiel",""
"QCL","Cultures et produits animaux","250","France","5312","Superficie récoltée","0111","Blé","2011","2011","ha","5407328","A","Chiffre officiel",""
"QCL","Cultures et produits animaux","250","France","5412","Rendement","0111","Blé","2011","2011","kg/ha","6656.3","A","Chiffre officiel",""
"QCL","Cultures et produits animaux","250","France","5510","Production","0111","Blé","2011","2011","tonnes","35992794.3","A","Chiffre officiel",""
"QCL","Cultures et produits animaux","250","France","5312","Superficie récoltée","0111","Blé","2012","2012","ha","5297826","A","Chiffre officiel",""
"QCL","Cultures et produits animaux","250","France","5412","Rendement","0111","Blé","2012","2012","kg/ha","7151.2","A","Chiffre officiel",""
"QCL","Cultures et produits animaux","250","France","5510","Production","0111","Blé","2012","2012","tonnes","37885741.8","A","Chiffre officiel",""
"QCL","Cultures et produits animaux","250","France","5312","Superficie récoltée","0111","Blé","2013","2013","ha","5319778","A","Chiffre officiel",""
"QCL","Cultures et produits animaux","250","France","5412","Rendement","0111","Blé","2013","2013","kg/ha","7265.6","A","Chiffre officiel",""
"QCL","Cultures et produits animaux","250","France","5510","Production","0111","Blé","2013","2013","tonnes","38651472","A","Chiffre officiel",""
"QCL","Cultures et produits animaux","250","France","5312","Superficie récoltée","0111","Blé","2014","2014","ha","5297210","A","Chiffre officiel",""
"QCL","Cultures et produits animaux","250","France","5412","Rendement","0111","Blé","2014","2014","kg/ha","7353","A","Chiffre officiel",""
"QCL","Cultures et produits animaux","250","France","5510","Production","0111","Blé","2014","2014","tonnes","38950202","A","Chiffre officiel",""
"QCL","Cultures et produits animaux","250","France","5312","Superficie récoltée","0111","Blé","2015","2015","ha","5480208","A","Chiffre officiel",""
"QCL","Cultures et produits animaux","250","France","5412","Rendement","0111","Blé","2015","2015","kg/ha","7800.8","A","Chiffre officiel",""
"QCL","Cultures et produits animaux","250","France","5510","Production","0111","Blé","2015","2015","tonnes","42750027.4","A","Chiffre officiel",""
"QCL","Cultures et produits animaux","250","France","5312","Superficie récoltée","0111","Blé","2016","2016","ha","5542247","A","Chiffre officiel",""
"QCL","Cultures et produits animaux","250","France","5412","Rendement","0111","Blé","2016","2016","kg/ha","5289.6","A","Chiffre officiel",""
"QCL","Cultures et produits animaux","250","France","5510","Production","0111","Blé","2016","2016","tonnes","29316331","A","Chiffre officiel",""
"QCL","Cultures et produits animaux","250","France","5312","Superficie récoltée","0111","Blé","2017","2017","ha","5332084","A","Chiffre officiel",""
"QCL","Cultures et produits animaux","250","France","5412","Rendement","0111","Blé","2017","2017","kg/ha","7253.8","A","Chiffre officiel",""
"QCL","Cultures et produits animaux","250","France","5510","Production","0111","Blé","2017","2017","tonnes","38677896","A","Chiffre officiel",""
"QCL","Cultures et produits animaux","250","France","5312","Superficie récoltée","0111","Blé","2018","2018","ha","5234090","A","Chiffre officiel",""
"QCL","Cultures et produits animaux","250","France","5412","Rendement","0111","Blé","2018","2018","kg/ha","6768","A","Chiffre officiel",""
"QCL","Cultures et produits animaux","250","France","5510","Production","0111","Blé","2018","2018","tonnes","35424140","A","Chiffre officiel",""
"QCL","Cultures et produits animaux","250","France","5312","Superficie récoltée","0111","Blé","2019","2019","ha","5244250","A","Chiffre officiel",""
"QCL","Cultures et produits animaux","250","France","5412","Rendement","0111","Blé","2019","2019","kg/ha","7742.8","A","Chiffre officiel",""
"QCL","Cultures et produits animaux","250","France","5510","Production","0111","Blé","2019","2019","tonnes","40604960","A","Chiffre officiel",""
"QCL","Cultures et produits animaux","250","France","5312","Superficie récoltée","0111","Blé","2020","2020","ha","4519780","A","Chiffre officiel",""
"QCL","Cultures et produits animaux","250","France","5412","Rendement","0111","Blé","2020","2020","kg/ha","6677.6","A","Chiffre officiel",""
"QCL","Cultures et produits animaux","250","France","5510","Production","0111","Blé","2020","2020","tonnes","30181140","A","Chiffre officiel",""
"QCL","Cultures et produits animaux","250","France","5312","Superficie récoltée","0111","Blé","2021","2021","ha","5276730","A","Chiffre officiel",""
"QCL","Cultures et produits animaux","250","France","5412","Rendement","0111","Blé","2021","2021","kg/ha","6928.4","A","Chiffre officiel",""
"QCL","Cultures et produits animaux","250","France","5510","Production","0111","Blé","2021","2021","tonnes","36559450","A","Chiffre officiel",""
"QCL","Cultures et produits animaux","250","France","5312","Superficie récoltée","0111","Blé","2022","2022","ha","4949840","A","Chiffre officiel",""
"QCL","Cultures et produits animaux","250","France","5412","Rendement","0111","Blé","2022","2022","kg/ha","6996.7","A","Chiffre officiel",""
"QCL","Cultures et produits animaux","250","France","5510","Production","0111","Blé","2022","2022","tonnes","34632380","A","Chiffre officiel",""
"QCL","Cultures et produits animaux","250","France","5312","Superficie récoltée","0111","Blé","2023","2023","ha","4998280","A","Chiffre officiel",""
"QCL","Cultures et produits animaux","250","France","5412","Rendement","0111","Blé","2023","2023","kg/ha","7201.6","A","Chiffre officiel",""
"QCL","Cultures et produits animaux","250","France","5510","Production","0111","Blé","2023","2023","tonnes","35995570","A","Chiffre officiel",""
"QCL","Cultures et produits animaux","250","France","5312","Superficie récoltée","0111","Blé","2024","2024","ha","4454180","A","Chiffre officiel",""
"QCL","Cultures et produits animaux","250","France","5412","Rendement","0111","Blé","2024","2024","kg/ha","5973.5","A","Chiffre officiel",""
"QCL","Cultures et produits animaux","250","France","5510","Production","0111","Blé","2024","2024","tonnes","26606940","A","Chiffre officiel",""
"QCL","Cultures et produits animaux","250","France","5312","Superficie récoltée","0112","Maïs","1961","1961","ha","980600","A","Chiffre officiel",""
"QCL","Cultures et produits animaux","250","France","5412","Rendement","0112","Maïs","1961","1961","kg/ha","2529.1","A","Chiffre officiel",""
"QCL","Cultures et produits animaux","250","France","5510","Production","0112","Maïs","1961","1961","tonnes","2480000","A","Chiffre officiel",""
"QCL","Cultures et produits animaux","250","France","5312","Superficie récoltée","0112","Maïs","1962","1962","ha","868600","A","Chiffre officiel",""
"QCL","Cultures et produits animaux","250","France","5412","Rendement","0112","Maïs","1962","1962","kg/ha","2148.9","A","Chiffre officiel",""
"QCL","Cultures et produits animaux","250","France","5510","Production","0112","Maïs","1962","1962","tonnes","1866560","A","Chiffre officiel",""
"QCL","Cultures et produits animaux","250","France","5312","Superficie récoltée","0112","Maïs","1963","1963","ha","955100","A","Chiffre officiel",""
"QCL","Cultures et produits animaux","250","France","5412","Rendement","0112","Maïs","1963","1963","kg/ha","4059.3","A","Chiffre officiel",""
"QCL","Cultures et produits animaux","250","France","5510","Production","0112","Maïs","1963","1963","tonnes","3877070","A","Chiffre officiel",""
"QCL","Cultures et produits animaux","250","France","5312","Superficie récoltée","0112","Maïs","1964","1964","ha","895600","A","Chiffre officiel",""
"QCL","Cultures et produits animaux","250","France","5412","Rendement","0112","Maïs","1964","1964","kg/ha","2354.6","A","Chiffre officiel",""
"QCL","Cultures et produits animaux","250","France","5510","Production","0112","Maïs","1964","1964","tonnes","2108800","A","Chiffre officiel",""
"QCL","Cultures et produits animaux","250","France","5312","Superficie récoltée","0112","Maïs","1965","1965","ha","871300","A","Chiffre officiel",""
"QCL","Cultures et produits animaux","250","France","5412","Rendement","0112","Maïs","1965","1965","kg/ha","3980","A","Chiffre officiel",""
"QCL","Cultures et produits animaux","250","France","5510","Production","0112","Maïs","1965","1965","tonnes","3467800","A","Chiffre officiel",""
"QCL","Cultures et produits animaux","250","France","5312","Superficie récoltée","0112","Maïs","1966","1966","ha","963700","A","Chiffre officiel",""
"QCL","Cultures et produits animaux","250","France","5412","Rendement","0112","Maïs","1966","1966","kg/ha","4503.7","A","Chiffre officiel",""
"QCL","Cultures et produits animaux","250","France","5510","Production","0112","Maïs","1966","1966","tonnes","4340200","A","Chiffre officiel",""
"QCL","Cultures et produits animaux","250","France","5312","Superficie récoltée","0112","Maïs","1967","1967","ha","1015700","A","Chiffre officiel",""
"QCL","Cultures et produits animaux","250","France","5412","Rendement","0112","Maïs","1967","1967","kg/ha","4088","A","Chiffre officiel",""
"QCL","Cultures et produits animaux","250","France","5510","Production","0112","Maïs","1967","1967","tonnes","4152190","A","Chiffre officiel",""
"QCL","Cultures et produits animaux","250","France","5312","Superficie récoltée","0112","Maïs","1968","1968","ha","1023800","A","Chiffre officiel",""
"QCL","Cultures et produits animaux","250","France","5412","Rendement","0112","Maïs","1968","1968","kg/ha","5264.3","A","Chiffre officiel",""
"QCL","Cultures et produits animaux","250","France","5510","Production","0112","Maïs","1968","1968","tonnes","5389580","A","Chiffre officiel",""
"QCL","Cultures et produits animaux","250","France","5312","Superficie récoltée","0112","Maïs","1969","1969","ha","1185200","A","Chiffre officiel",""
"QCL","Cultures et produits animaux","250","France","5412","Rendement","0112","Maïs","1969","1969","kg/ha","4834.6","A","Chiffre officiel",""
"QCL","Cultures et produits animaux","250","France","5510","Production","0112","Maïs","1969","1969","tonnes","5730000","A","Chiffre officiel",""
"QCL","Cultures et produits animaux","250","France","5312","Superficie récoltée","0112","Maïs","1970","1970","ha","1469000","A","Chiffre officiel",""
"QCL","Cultures et produits animaux","250","France","5412","Rendement","0112","Maïs","1970","1970","kg/ha","5099.4","A","Chiffre officiel",""
"QCL","Cultures et produits animaux","250","France","5510","Production","0112","Maïs","1970","1970","tonnes","7491000","A","Chiffre officiel",""
"QCL","Cultures et produits animaux","250","France","5312","Superficie récoltée","0112","Maïs","1971","1971","ha","1655000","A","Chiffre officiel",""
"QCL","Cultures et produits animaux","250","France","5412","Rendement","0112","Maïs","1971","1971","kg/ha","5415.1","A","Chiffre officiel",""
"QCL","Cultures et produits animaux","250","France","5510","Production","0112","Maïs","1971","1971","tonnes","8962000","A","Chiffre officiel",""
"QCL","Cultures et produits animaux","250","France","5312","Superficie récoltée","0112","Maïs","1972","1972","ha","1896800","A","Chiffre officiel",""
"QCL","Cultures et produits animaux","250","France","5412","Rendement","0112","Maïs","1972","1972","kg/ha","4353.1","A","Chiffre officiel",""
"QCL","Cultures et produits animaux","250","France","5510","Production","0112","Maïs","1972","1972","tonnes","8257000","A","Chiffre officiel",""
"QCL","Cultures et produits animaux","250","France","5312","Superficie récoltée","0112","Maïs","1973","1973","ha","1903000","A","Chiffre officiel",""
"QCL","Cultures et produits animaux","250","France","5412","Rendement","0112","Maïs","1973","1973","kg/ha","5621.7","A","Chiffre officiel",""
"QCL","Cultures et produits animaux","250","France","5510","Production","0112","Maïs","1973","1973","tonnes","10698000","A","Chiffre officiel",""
"QCL","Cultures et produits animaux","250","France","5312","Superficie récoltée","0112","Maïs","1974","1974","ha","1908000","A","Chiffre officiel",""
"QCL","Cultures et produits animaux","250","France","5412","Rendement","0112","Maïs","1974","1974","kg/ha","4558.7","A","Chiffre officiel",""
"QCL","Cultures et produits animaux","250","France","5510","Production","0112","Maïs","1974","1974","tonnes","8698000","A","Chiffre officiel",""
"QCL","Cultures et produits animaux","250","France","5312","Superficie récoltée","0112","Maïs","1975","1975","ha","1962000","A","Chiffre officiel",""
"QCL","Cultures et produits animaux","250","France","5412","Rendement","0112","Maïs","1975","1975","kg/ha","4184","A","Chiffre officiel",""
"QCL","Cultures et produits animaux","250","France","5510","Production","0112","Maïs","1975","1975","tonnes","8209000","A","Chiffre officiel",""
"QCL","Cultures et produits animaux","250","France","5312","Superficie récoltée","0112","Maïs","1976","1976","ha","1395600","A","Chiffre officiel",""
"QCL","Cultures et produits animaux","250","France","5412","Rendement","0112","Maïs","1976","1976","kg/ha","4030.5","A","Chiffre officiel",""
"QCL","Cultures et produits animaux","250","France","5510","Production","0112","Maïs","1976","1976","tonnes","5625000","A","Chiffre officiel",""
"QCL","Cultures et produits animaux","250","France","5312","Superficie récoltée","0112","Maïs","1977","1977","ha","1624000","A","Chiffre officiel",""
"QCL","Cultures et produits animaux","250","France","5412","Rendement","0112","Maïs","1977","1977","kg/ha","5238.2","A","Chiffre officiel",""
"QCL","Cultures et produits animaux","250","France","5510","Production","0112","Maïs","1977","1977","tonnes","8506780","A","Chiffre officiel",""
"QCL","Cultures et produits animaux","250","France","5312","Superficie récoltée","0112","Maïs","1978","1978","ha","1803000","A","Chiffre officiel",""
"QCL","Cultures et produits animaux","250","France","5412","Rendement","0112","Maïs","1978","1978","kg/ha","5286.2","A","Chiffre officiel",""
"QCL","Cultures et produits animaux","250","France","5510","Production","0112","Maïs","1978","1978","tonnes","9531000","A","Chiffre officiel",""
"QCL","Cultures et produits animaux","250","France","5312","Superficie récoltée","0112","Maïs","1979","1979","ha","1995000","A","Chiffre officiel",""
"QCL","Cultures et produits animaux","250","France","5412","Rendement","0112","Maïs","1979","1979","kg/ha","5219.5","A","Chiffre officiel",""
"QCL","Cultures et produits animaux","250","France","5510","Production","0112","Maïs","1979","1979","tonnes","10413000","A","Chiffre officiel",""
"QCL","Cultures et produits animaux","250","France","5312","Superficie récoltée","0112","Maïs","1980","1980","ha","1753600","A","Chiffre officiel",""
"QCL","Cultures et produits animaux","250","France","5412","Rendement","0112","Maïs","1980","1980","kg/ha","5316.7","A","Chiffre officiel",""
"QCL","Cultures et produits animaux","250","France","5510","Production","0112","Maïs","1980","1980","tonnes","9323400","A","Chiffre officiel",""
"QCL","Cultures et produits animaux","250","France","5312","Superficie récoltée","0112","Maïs","1981","1981","ha","1569000","A","Chiffre officiel",""
"QCL","Cultures et produits animaux","250","France","5412","Rendement","0112","Maïs","1981","1981","kg/ha","5829.1","A","Chiffre officiel",""
"QCL","Cultures et produits animaux","250","France","5510","Production","0112","Maïs","1981","1981","tonnes","9145800","A","Chiffre officiel",""
"QCL","Cultures et produits animaux","250","France","5312","Superficie récoltée","0112","Maïs","1982","1982","ha","1646000","A","Chiffre officiel",""
"QCL","Cultures et produits animaux","250","France","5412","Rendement","0112","Maïs","1982","1982","kg/ha","6318.5","A","Chiffre officiel",""
"QCL","Cultures et produits animaux","250","France","5510","Production","0112","Maïs","1982","1982","tonnes","10400200","A","Chiffre officiel",""
"QCL","Cultures et produits animaux","250","France","5312","Superficie récoltée","0112","Maïs","1983","1983","ha","1684000","A","Chiffre officiel",""
"QCL","Cultures et produits animaux","250","France","5412","Rendement","0112","Maïs","1983","1983","kg/ha","6250","A","Chiffre officiel",""
"QCL","Cultures et produits animaux","250","France","5510","Production","0112","Maïs","1983","1983","tonnes","10525000","A","Chiffre officiel",""
"QCL","Cultures et produits animaux","250","France","5312","Superficie récoltée","0112","Maïs","1984","1984","ha","1743000","A","Chiffre officiel",""
"QCL","Cultures et produits animaux","250","France","5412","Rendement","0112","Maïs","1984","1984","kg/ha","6020.1","A","Chiffre officiel",""
"QCL","Cultures et produits animaux","250","France","5510","Production","0112","Maïs","1984","1984","tonnes","10493000","A","Chiffre officiel",""
"QCL","Cultures et produits animaux","250","France","5312","Superficie récoltée","0112","Maïs","1985","1985","ha","1887000","A","Chiffre officiel",""
"QCL","Cultures et produits animaux","250","France","5412","Rendement","0112","Maïs","1985","1985","kg/ha","6576","A","Chiffre officiel",""
"QCL","Cultures et produits animaux","250","France","5510","Production","0112","Maïs","1985","1985","tonnes","12409000","A","Chiffre officiel",""
"QCL","Cultures et produits animaux","250","France","5312","Superficie récoltée","0112","Maïs","1986","1986","ha","1889000","A","Chiffre officiel",""
"QCL","Cultures et produits animaux","250","France","5412","Rendement","0112","Maïs","1986","1986","kg/ha","6162.5","A","Chiffre officiel",""
"QCL","Cultures et produits animaux","250","France","5510","Production","0112","Maïs","1986","1986","tonnes","11641000","A","Chiffre officiel",""
"QCL","Cultures et produits animaux","250","France","5312","Superficie récoltée","0112","Maïs","1987","1987","ha","1744000","A","Chiffre officiel",""
"QCL","Cultures et produits animaux","250","France","5412","Rendement","0112","Maïs","1987","1987","kg/ha","7150.2","A","Chiffre officiel",""
"QCL","Cultures et produits animaux","250","France","5510","Production","0112","Maïs","1987","1987","tonnes","12470000","A","Chiffre officiel",""
"QCL","Cultures et produits animaux","250","France","5312","Superficie récoltée","0112","Maïs","1988","1988","ha","2020100","A","Chiffre officiel",""
"QCL","Cultures et produits animaux","250","France","5412","Rendement","0112","Maïs","1988","1988","kg/ha","7276.2","A","Chiffre officiel",""
"QCL","Cultures et produits animaux","250","France","5510","Production","0112","Maïs","1988","1988","tonnes","14698600","A","Chiffre officiel",""
"QCL","Cultures et produits animaux","250","France","5312","Superficie récoltée","0112","Maïs","1989","1989","ha","1942400","A","Chiffre officiel",""
"QCL","Cultures et produits animaux","250","France","5412","Rendement","0112","Maïs","1989","1989","kg/ha","6871.9","A","Chiffre officiel",""
"QCL","Cultures et produits animaux","250","France","5510","Production","0112","Maïs","1989","1989","tonnes","13347900","A","Chiffre officiel",""
"QCL","Cultures et produits animaux","250","France","5312","Superficie récoltée","0112","Maïs","1990","1990","ha","1561900","A","Chiffre officiel",""
"QCL","Cultures et produits animaux","250","France","5412","Rendement","0112","Maïs","1990","1990","kg/ha","6018.6","A","Chiffre officiel",""
"QCL","Cultures et produits animaux","250","France","5510","Production","0112","Maïs","1990","1990","tonnes","9400500","A","Chiffre officiel",""
"QCL","Cultures et produits animaux","250","France","5312","Superficie récoltée","0112","Maïs","1991","1991","ha","1756223","A","Chiffre officiel",""
"QCL","Cultures et produits animaux","250","France","5412","Rendement","0112","Maïs","1991","1991","kg/ha","7286.6","A","Chiffre officiel",""
"QCL","Cultures et produits animaux","250","France","5510","Production","0112","Maïs","1991","1991","tonnes","12796831.1","A","Chiffre officiel",""
"QCL","Cultures et produits animaux","250","France","5312","Superficie récoltée","0112","Maïs","1992","1992","ha","1857189","A","Chiffre officiel",""
"QCL","Cultures et produits animaux","250","France","5412","Rendement","0112","Maïs","1992","1992","kg/ha","7981.2","A","Chiffre officiel",""
"QCL","Cultures et produits animaux","250","France","5510","Production","0112","Maïs","1992","1992","tonnes","14822656.5","A","Chiffre officiel",""
"QCL","Cultures et produits animaux","250","France","5312","Superficie récoltée","0112","Maïs","1993","1993","ha","1829800","A","Chiffre officiel",""
"QCL","Cultures et produits animaux","250","France","5412","Rendement","0112","Maïs","1993","1993","kg/ha","8047.9","A","Chiffre officiel",""
"QCL","Cultures et produits animaux","250","France","5510","Production","0112","Maïs","1993","1993","tonnes","14726034.7","A","Chiffre officiel",""
"QCL","Cultures et produits animaux","250","France","5312","Superficie récoltée","0112","Maïs","1994","1994","ha","1643467","A","Chiffre officiel",""
"QCL","Cultures et produits animaux","250","France","5412","Rendement","0112","Maïs","1994","1994","kg/ha","7798.3","A","Chiffre officiel",""
"QCL","Cultures et produits animaux","250","France","5510","Production","0112","Maïs","1994","1994","tonnes","12816279.4","A","Chiffre officiel",""
"QCL","Cultures et produits animaux","250","France","5312","Superficie récoltée","0112","Maïs","1995","1995","ha","1630416","A","Chiffre officiel",""
"QCL","Cultures et produits animaux","250","France","5412","Rendement","0112","Maïs","1995","1995","kg/ha","7718.2","A","Chiffre officiel",""
"QCL","Cultures et produits animaux","250","France","5510","Production","0112","Maïs","1995","1995","tonnes","12583865.9","A","Chiffre officiel",""
"QCL","Cultures et produits animaux","250","France","5312","Superficie récoltée","0112","Maïs","1996","1996","ha","1707552","A","Chiffre officiel",""
"QCL","Cultures et produits animaux","250","France","5412","Rendement","0112","Maïs","1996","1996","kg/ha","8385.6","A","Chiffre officiel",""
"QCL","Cultures et produits animaux","250","France","5510","Production","0112","Maïs","1996","1996","tonnes","14318927.9","A","Chiffre officiel",""
"QCL","Cultures et produits animaux","250","France","5312","Superficie récoltée","0112","Maïs","1997","1997","ha","1824033","A","Chiffre officiel",""
"QCL","Cultures et produits animaux","250","France","5412","Rendement","0112","Maïs","1997","1997","kg/ha","9065.1","A","Chiffre officiel",""
"QCL","Cultures et produits animaux","250","France","5510","Production","0112","Maïs","1997","1997","tonnes","16534987.8","A","Chiffre officiel",""
"QCL","Cultures et produits animaux","250","France","5312","Superficie récoltée","0112","Maïs","1998","1998","ha","1761004","A","Chiffre officiel",""
"QCL","Cultures et produits animaux","250","France","5412","Rendement","0112","Maïs","1998","1998","kg/ha","8452.8","A","Chiffre officiel",""
"QCL","Cultures et produits animaux","250","France","5510","Production","0112","Maïs","1998","1998","tonnes","14885495.1","A","Chiffre officiel",""
"QCL","Cultures et produits animaux","250","France","5312","Superficie récoltée","0112","Maïs","1999","1999","ha","1715168","A","Chiffre officiel",""
"QCL","Cultures et produits animaux","250","France","5412","Rendement","0112","Maïs","1999","1999","kg/ha","8952.3","A","Chiffre officiel",""
"QCL","Cultures et produits animaux","250","France","5510","Production","0112","Maïs","1999","1999","tonnes","15354734.8","A","Chiffre officiel",""
"QCL","Cultures et produits animaux","250","France","5312","Superficie récoltée","0112","Maïs","2000","2000","ha","1764767","A","Chiffre officiel",""
"QCL","Cultures et produits animaux","250","France","5412","Rendement","0112","Maïs","2000","2000","kg/ha","9076.6","A","Chiffre officiel",""
"QCL","Cultures et produits animaux","250","France","5510","Production","0112","Maïs","2000","2000","tonnes","16018168.3","A","Chiffre officiel",""
"QCL","Cultures et produits animaux","250","France","5312","Superficie récoltée","0112","Maïs","2001","2001","ha","1915822","A","Chiffre officiel",""
"QCL","Cultures et produits animaux","250","France","5412","Rendement","0112","Maïs","2001","2001","kg/ha","8571.1","A","Chiffre officiel",""
"QCL","Cultures et produits animaux","250","France","5510","Production","0112","Maïs","2001","2001","tonnes","16420734.7","A","Chiffre officiel",""
"QCL","Cultures et produits animaux","250","France","5312","Superficie récoltée","0112","Maïs","2002","2002","ha","1829333","A","Chiffre officiel",""
"QCL","Cultures et produits animaux","250","France","5412","Rendement","0112","Maïs","2002","2002","kg/ha","8975.1","A","Chiffre officiel",""
"QCL","Cultures et produits animaux","250","France","5510","Production","0112","Maïs","2002","2002","tonnes","16418382.6","A","Chiffre officiel",""
"QCL","Cultures et produits animaux","250","France","5312","Superficie récoltée","0112","Maïs","2003","2003","ha","1684639","A","Chiffre officiel",""
"QCL","Cultures et produits animaux","250","France","5412","Rendement","0112","Maïs","2003","2003","kg/ha","7150.2","A","Chiffre officiel",""
"QCL","Cultures et produits animaux","250","France","5510","Production","0112","Maïs","2003","2003","tonnes","12045463.6","A","Chiffre officiel",""
"QCL","Cultures et produits animaux","250","France","5312","Superficie récoltée","0112","Maïs","2004","2004","ha","1821419","A","Chiffre officiel",""
"QCL","Cultures et produits animaux","250","France","5412","Rendement","0112","Maïs","2004","2004","kg/ha","8990.7","A","Chiffre officiel",""
"QCL","Cultures et produits animaux","250","France","5510","Production","0112","Maïs","2004","2004","tonnes","16375868","A","Chiffre officiel",""
"QCL","Cultures et produits animaux","250","France","5312","Superficie récoltée","0112","Maïs","2005","2005","ha","1658529","A","Chiffre officiel",""
"QCL","Cultures et produits animaux","250","France","5412","Rendement","0112","Maïs","2005","2005","kg/ha","8253.9","A","Chiffre officiel",""
"QCL","Cultures et produits animaux","250","France","5510","Production","0112","Maïs","2005","2005","tonnes","13689322.4","A","Chiffre officiel",""
"QCL","Cultures et produits animaux","250","France","5312","Superficie récoltée","0112","Maïs","2006","2006","ha","1503619","A","Chiffre officiel",""
"QCL","Cultures et produits animaux","250","France","5412","Rendement","0112","Maïs","2006","2006","kg/ha","8581.8","A","Chiffre officiel",""
"QCL","Cultures et produits animaux","250","France","5510","Production","0112","Maïs","2006","2006","tonnes","12903718.5","A","Chiffre officiel",""
"QCL","Cultures et produits animaux","250","France","5312","Superficie récoltée","0112","Maïs","2007","2007","ha","1529775","A","Chiffre officiel",""
"QCL","Cultures et produits animaux","250","France","5412","Rendement","0112","Maïs","2007","2007","kg/ha","9482.1","A","Chiffre officiel",""
"QCL","Cultures et produits animaux","250","France","5510","Production","0112","Maïs","2007","2007","tonnes","14505519.1","A","Chiffre officiel",""
"QCL","Cultures et produits animaux","250","France","5312","Superficie récoltée","0112","Maïs","2008","2008","ha","1757438","A","Chiffre officiel",""
"QCL","Cultures et produits animaux","250","France","5412","Rendement","0112","Maïs","2008","2008","kg/ha","9125.8","A","Chiffre officiel",""
"QCL","Cultures et produits animaux","250","France","5510","Production","0112","Maïs","2008","2008","tonnes","16037987.9","A","Chiffre officiel",""
"QCL","Cultures et produits animaux","250","France","5312","Superficie récoltée","0112","Maïs","2009","2009","ha","1744416","A","Chiffre officiel",""
"QCL","Cultures et produits animaux","250","France","5412","Rendement","0112","Maïs","2009","2009","kg/ha","8893.4","A","Chiffre officiel",""
"QCL","Cultures et produits animaux","250","France","5510","Production","0112","Maïs","2009","2009","tonnes","15513841.1","A","Chiffre officiel",""
"QCL","Cultures et produits animaux","250","France","5312","Superficie récoltée","0112","Maïs","2010","2010","ha","1582727","A","Chiffre officiel",""
"QCL","Cultures et produits animaux","250","France","5412","Rendement","0112","Maïs","2010","2010","kg/ha","8829.9","A","Chiffre officiel",""
"QCL","Cultures et produits animaux","250","France","5510","Production","0112","Maïs","2010","2010","tonnes","13975284.8","A","Chiffre officiel",""
"QCL","Cultures et produits animaux","250","France","5312","Superficie récoltée","0112","Maïs","2011","2011","ha","1596711","A","Chiffre officiel",""
"QCL","Cultures et produits animaux","250","France","5412","Rendement","0112","Maïs","2011","2011","kg/ha","9966.8","A","Chiffre officiel",""
"QCL","Cultures et produits animaux","250","France","5510","Production","0112","Maïs","2011","2011","tonnes","15914121.2","A","Chiffre officiel",""
"QCL","Cultures et produits animaux","250","France","5312","Superficie récoltée","0112","Maïs","2012","2012","ha","1709936","A","Chiffre officiel",""
"QCL","Cultures et produits animaux","250","France","5412","Rendement","0112","Maïs","2012","2012","kg/ha","9002.4","A","Chiffre officiel",""
"QCL","Cultures et produits animaux","250","France","5510","Production","0112","Maïs","2012","2012","tonnes","15393496.8","A","Chiffre officiel",""
"QCL","Cultures et produits animaux","250","France","5312","Superficie récoltée","0112","Maïs","2013","2013","ha","1843477","A","Chiffre officiel",""
"QCL","Cultures et produits animaux","250","France","5412","Rendement","0112","Maïs","2013","2013","kg/ha","8159.2","A","Chiffre officiel",""
"QCL","Cultures et produits animaux","250","France","5510","Production","0112","Maïs","2013","2013","tonnes","15041226","A","Chiffre officiel",""
"QCL","Cultures et produits animaux","250","France","5312","Superficie récoltée","0112","Maïs","2014","2014","ha","1825121","A","Chiffre officiel",""
"QCL","Cultures et produits animaux","250","France","5412","Rendement","0112","Maïs","2014","2014","kg/ha","10050.5","A","Chiffre officiel",""
"QCL","Cultures et produits animaux","250","France","5510","Production","0112","Maïs","2014","2014","tonnes","18343320","A","Chiffre officiel",""
"QCL","Cultures et produits animaux","250","France","5312","Superficie récoltée","0112","Maïs","2015","2015","ha","1637081","A","Chiffre officiel",""
"QCL","Cultures et produits animaux","250","France","5412","Rendement","0112","Maïs","2015","2015","kg/ha","8378.4","A","Chiffre officiel",""
"QCL","Cultures et produits animaux","250","France","5510","Production","0112","Maïs","2015","2015","tonnes","13716048.4","A","Chiffre officiel",""
"QCL","Cultures et produits animaux","250","France","5312","Superficie récoltée","0112","Maïs","2016","2016","ha","1442805","A","Chiffre officiel",""
"QCL","Cultures et produits animaux","250","France","5412","Rendement","0112","Maïs","2016","2016","kg/ha","8206","A","Chiffre officiel",""
"QCL","Cultures et produits animaux","250","France","5510","Production","0112","Maïs","2016","2016","tonnes","11839729","A","Chiffre officiel",""
"QCL","Cultures et produits animaux","250","France","5312","Superficie récoltée","0112","Maïs","2017","2017","ha","1435699","A","Chiffre officiel",""
"QCL","Cultures et produits animaux","250","France","5412","Rendement","0112","Maïs","2017","2017","kg/ha","10123.9","A","Chiffre officiel",""
"QCL","Cultures et produits animaux","250","France","5510","Production","0112","Maïs","2017","2017","tonnes","14534897","A","Chiffre officiel",""
"QCL","Cultures et produits animaux","250","France","5312","Superficie récoltée","0112","Maïs","2018","2018","ha","1426260","A","Chiffre officiel",""
"QCL","Cultures et produits animaux","250","France","5412","Rendement","0112","Maïs","2018","2018","kg/ha","8820.6","A","Chiffre officiel",""
"QCL","Cultures et produits animaux","250","France","5510","Production","0112","Maïs","2018","2018","tonnes","12580430","A","Chiffre officiel",""
"QCL","Cultures et produits animaux","250","France","5312","Superficie récoltée","0112","Maïs","2019","2019","ha","1506100","A","Chiffre officiel",""
"QCL","Cultures et produits animaux","250","France","5412","Rendement","0112","Maïs","2019","2019","kg/ha","8528.7","A","Chiffre officiel",""
"QCL","Cultures et produits animaux","250","France","5510","Production","0112","Maïs","2019","2019","tonnes","12845020","A","Chiffre officiel",""
"QCL","Cultures et produits animaux","250","France","5312","Superficie récoltée","0112","Maïs","2020","2020","ha","1730030","A","Chiffre officiel",""
"QCL","Cultures et produits animaux","250","France","5412","Rendement","0112","Maïs","2020","2020","kg/ha","7934.2","A","Chiffre officiel",""
"QCL","Cultures et produits animaux","250","France","5510","Production","0112","Maïs","2020","2020","tonnes","13726410","A","Chiffre officiel",""
"QCL","Cultures et produits animaux","250","France","5312","Superficie récoltée","0112","Maïs","2021","2021","ha","1549470","A","Chiffre officiel",""
"QCL","Cultures et produits animaux","250","France","5412","Rendement","0112","Maïs","2021","2021","kg/ha","9912","A","Chiffre officiel",""
"QCL","Cultures et produits animaux","250","France","5510","Production","0112","Maïs","2021","2021","tonnes","15358290","A","Chiffre officiel",""
"QCL","Cultures et produits animaux","250","France","5312","Superficie récoltée","0112","Maïs","2022","2022","ha","1456090","A","Chiffre officiel",""
"QCL","Cultures et produits animaux","250","France","5412","Rendement","0112","Maïs","2022","2022","kg/ha","7470.1","A","Chiffre officiel",""
"QCL","Cultures et produits animaux","250","France","5510","Production","0112","Maïs","2022","2022","tonnes","10877190","A","Chiffre officiel",""
"QCL","Cultures et produits animaux","250","France","5312","Superficie récoltée","0112","Maïs","2023","2023","ha","1314680","A","Chiffre officiel",""
"QCL","Cultures et produits animaux","250","France","5412","Rendement","0112","Maïs","2023","2023","kg/ha","9762.5","A","Chiffre officiel",""
"QCL","Cultures et produits animaux","250","France","5510","Production","0112","Maïs","2023","2023","tonnes","12834600","A","Chiffre officiel",""
"QCL","Cultures et produits animaux","250","France","5312","Superficie récoltée","0112","Maïs","2024","2024","ha","1593920","A","Chiffre officiel",""
"QCL","Cultures et produits animaux","250","France","5412","Rendement","0112","Maïs","2024","2024","kg/ha","9204.1","A","Chiffre officiel",""
"QCL","Cultures et produits animaux","250","France","5510","Production","0112","Maïs","2024","2024","tonnes","14670620","A","Chiffre officiel",""
"QCL","Cultures et produits animaux","356","Inde","5312","Superficie récoltée","0111","Blé","1961","1961","ha","12927000","A","Chiffre officiel",""
"QCL","Cultures et produits animaux","356","Inde","5412","Rendement","0111","Blé","1961","1961","kg/ha","850.7","A","Chiffre officiel",""
"QCL","Cultures et produits animaux","356","Inde","5510","Production","0111","Blé","1961","1961","tonnes","10997000","A","Chiffre officiel",""
"QCL","Cultures et produits animaux","356","Inde","5312","Superficie récoltée","0111","Blé","1962","1962","ha","13570000","A","Chiffre officiel",""
"QCL","Cultures et produits animaux","356","Inde","5412","Rendement","0111","Blé","1962","1962","kg/ha","889.6","A","Chiffre officiel",""
"QCL","Cultures et produits animaux","356","Inde","5510","Production","0111","Blé","1962","1962","tonnes","12072000","A","Chiffre officiel",""
"QCL","Cultures et produits animaux","356","Inde","5312","Superficie récoltée","0111","Blé","1963","1963","ha","13590000","A","Chiffre officiel",""
"QCL","Cultures et produits animaux","356","Inde","5412","Rendement","0111","Blé","1963","1963","kg/ha","792.9","A","Chiffre officiel",""
"QCL","Cultures et produits animaux","356","Inde","5510","Production","0111","Blé","1963","1963","tonnes","10776000","A","Chiffre officiel",""
"QCL","Cultures et produits animaux","356","Inde","5312","Superficie récoltée","0111","Blé","1964","1964","ha","13499000","A","Chiffre officiel",""
"QCL","Cultures et produits animaux","356","Inde","5412","Rendement","0111","Blé","1964","1964","kg/ha","729.9","A","Chiffre officiel",""
"QCL","Cultures et produits animaux","356","Inde","5510","Production","0111","Blé","1964","1964","tonnes","9853000","A","Chiffre officiel",""
"QCL","Cultures et produits animaux","356","Inde","5312","Superficie récoltée","0111","Blé","1965","1965","ha","13422000","A","Chiffre officiel",""
"QCL","Cultures et produits animaux","356","Inde","5412","Rendement","0111","Blé","1965","1965","kg/ha","913.2","A","Chiffre officiel",""
"QCL","Cultures et produits animaux","356","Inde","5510","Production","0111","Blé","1965","1965","tonnes","12257000","A","Chiffre officiel",""
"QCL","Cultures et produits animaux","356","Inde","5312","Superficie récoltée","0111","Blé","1966","1966","ha","12572000","A","Chiffre officiel",""
"QCL","Cultures et produits animaux","356","Inde","5412","Rendement","0111","Blé","1966","1966","kg/ha","826.8","A","Chiffre officiel",""
"QCL","Cultures et produits animaux","356","Inde","5510","Production","0111","Blé","1966","1966","tonnes","10394000","A","Chiffre officiel",""
"QCL","Cultures et produits animaux","356","Inde","5312","Superficie récoltée","0111","Blé","1967","1967","ha","12838000","A","Chiffre officiel",""
"QCL","Cultures et produits animaux","356","Inde","5412","Rendement","0111","Blé","1967","1967","kg/ha","887.4","A","Chiffre officiel",""
"QCL","Cultures et produits animaux","356","Inde","5510","Production","0111","Blé","1967","1967","tonnes","11393000","A","Chiffre officiel",""
"QCL","Cultures et produits animaux","356","Inde","5312","Superficie récoltée","0111","Blé","1968","1968","ha","14998200","A","Chiffre officiel",""
"QCL","Cultures et produits animaux","356","Inde","5412","Rendement","0111","Blé","1968","1968","kg/ha","1102.8","A","Chiffre officiel",""
"QCL","Cultures et produits animaux","356","Inde","5510","Production","0111","Blé","1968","1968","tonnes","16540100","A","Chiffre officiel",""
"QCL","Cultures et produits animaux","356","Inde","5312","Superficie récoltée","0111","Blé","1969","1969","ha","15958100","A","Chiffre officiel",""
"QCL","Cultures et produits animaux","356","Inde","5412","Rendement","0111","Blé","1969","1969","kg/ha","1168.8","A","Chiffre officiel",""
"QCL","Cultures et produits animaux","356","Inde","5510","Production","0111","Blé","1969","1969","tonnes","18651600","A","Chiffre officiel",""
"QCL","Cultures et produits animaux","356","Inde","5312","Superficie récoltée","0111","Blé","1970","1970","ha","16625500","A","Chiffre officiel",""
"QCL","Cultures et produits animaux","356","Inde","5412","Rendement","0111","Blé","1970","1970","kg/ha","1208.6","A","Chiffre officiel",""
"QCL","Cultures et produits animaux","356","Inde","5510","Production","0111","Blé","1970","1970","tonnes","20093296","A","Chiffre officiel",""
"QCL","Cultures et produits animaux","356","Inde","5312","Superficie récoltée","0111","Blé","1971","1971","ha","18240496","A","Chiffre officiel",""
"QCL","Cultures et produits animaux","356","Inde","5412","Rendement","0111","Blé","1971","1971","kg/ha","1306.6","A","Chiffre officiel",""
"QCL","Cultures et produits animaux","356","Inde","5510","Production","0111","Blé","1971","1971","tonnes","23832496","A","Chiffre officiel",""
"QCL","Cultures et produits animaux","356","Inde","5312","Superficie récoltée","0111","Blé","1972","1972","ha","19138896","A","Chiffre officiel",""
"QCL","Cultures et produits animaux","356","Inde","5412","Rendement","0111","Blé","1972","1972","kg/ha","1379.9","A","Chiffre officiel",""
"QCL","Cultures et produits animaux","356","Inde","5510","Production","0111","Blé","1972","1972","tonnes","26409904","A","Chiffre officiel",""
"QCL","Cultures et produits animaux","356","Inde","5312","Superficie récoltée","0111","Blé","1973","1973","ha","19463600","A","Chiffre officiel",""
"QCL","Cultures et produits animaux","356","Inde","5412","Rendement","0111","Blé","1973","1973","kg/ha","1270.8","A","Chiffre officiel",""
"QCL","Cultures et produits animaux","356","Inde","5510","Production","0111","Blé","1973","1973","tonnes","24734608","A","Chiffre officiel",""
"QCL","Cultures et produits animaux","356","Inde","5312","Superficie récoltée","0111","Blé","1974","1974","ha","18583008","A","Chiffre officiel",""
"QCL","Cultures et produits animaux","356","Inde","5412","Rendement","0111","Blé","1974","1974","kg/ha","1171.9","A","Chiffre officiel",""
"QCL","Cultures et produits animaux","356","Inde","5510","Production","0111","Blé","1974","1974","tonnes","21778000","A","Chiffre officiel",""
"QCL","Cultures et produits animaux","356","Inde","5312","Superficie récoltée","0111","Blé","1975","1975","ha","18010304","A","Chiffre officiel",""
"QCL","Cultures et produits animaux","356","Inde","5412","Rendement","0111","Blé","1975","1975","kg/ha","1338.4","A","Chiffre officiel",""
"QCL","Cultures et produits animaux","356","Inde","5510","Production","0111","Blé","1975","1975","tonnes","24104400","A","Chiffre officiel",""
"QCL","Cultures et produits animaux","356","Inde","5312","Superficie récoltée","0111","Blé","1976","1976","ha","20453808","A","Chiffre officiel",""
"QCL","Cultures et produits animaux","356","Inde","5412","Rendement","0111","Blé","1976","1976","kg/ha","1410.3","A","Chiffre officiel",""
"QCL","Cultures et produits animaux","356","Inde","5510","Production","0111","Blé","1976","1976","tonnes","28846304","A","Chiffre officiel",""
"QCL","Cultures et produits animaux","356","Inde","5312","Superficie récoltée","0111","Blé","1977","1977","ha","20921504","A","Chiffre officiel",""
"QCL","Cultures et produits animaux","356","Inde","5412","Rendement","0111","Blé","1977","1977","kg/ha","1386.6","A","Chiffre officiel",""
"QCL","Cultures et produits animaux","356","Inde","5510","Production","0111","Blé","1977","1977","tonnes","29009904","A","Chiffre officiel",""
"QCL","Cultures et produits animaux","356","Inde","5312","Superficie récoltée","0111","Blé","1978","1978","ha","21455696","A","Chiffre officiel",""
"QCL","Cultures et produits animaux","356","Inde","5412","Rendement","0111","Blé","1978","1978","kg/ha","1479.8","A","Chiffre officiel",""
"QCL","Cultures et produits animaux","356","Inde","5510","Production","0111","Blé","1978","1978","tonnes","31749200","A","Chiffre officiel",""
"QCL","Cultures et produits animaux","356","Inde","5312","Superficie récoltée","0111","Blé","1979","1979","ha","22641200","A","Chiffre officiel",""
"QCL","Cultures et produits animaux","356","Inde","5412","Rendement","0111","Blé","1979","1979","kg/ha","1568.3","A","Chiffre officiel",""
"QCL","Cultures et produits animaux","356","Inde","5510","Production","0111","Blé","1979","1979","tonnes","35507808","A","Chiffre officiel",""
"QCL","Cultures et produits animaux","356","Inde","5312","Superficie récoltée","0111","Blé","1980","1980","ha","22171696","A","Chiffre officiel",""
"QCL","Cultures et produits animaux","356","Inde","5412","Rendement","0111","Blé","1980","1980","kg/ha","1435.6","A","Chiffre officiel",""
"QCL","Cultures et produits animaux","356","Inde","5510","Production","0111","Blé","1980","1980","tonnes","31830000","A","Chiffre officiel",""
"QCL","Cultures et produits animaux","356","Inde","5312","Superficie récoltée","0111","Blé","1981","1981","ha","22278800","A","Chiffre officiel",""
"QCL","Cultures et produits animaux","356","Inde","5412","Rendement","0111","Blé","1981","1981","kg/ha","1629.9","A","Chiffre officiel",""
"QCL","Cultures et produits animaux","356","Inde","5510","Production","0111","Blé","1981","1981","tonnes","36312608","A","Chiffre officiel",""
"QCL","Cultures et produits animaux","356","Inde","5312","Superficie récoltée","0111","Blé","1982","1982","ha","22144400","A","Chiffre officiel",""
"QCL","Cultures et produits animaux","356","Inde","5412","Rendement","0111","Blé","1982","1982","kg/ha","1691.3","A","Chiffre officiel",""
"QCL","Cultures et produits animaux","356","Inde","5510","Production","0111","Blé","1982","1982","tonnes","37451808","A","Chiffre officiel",""
"QCL","Cultures et produits animaux","356","Inde","5312","Superficie récoltée","0111","Blé","1983","1983","ha","23567408","A","Chiffre officiel",""
"QCL","Cultures et produits animaux","356","Inde","5412","Rendement","0111","Blé","1983","1983","kg/ha","1815.8","A","Chiffre officiel",""
"QCL","Cultures et produits animaux","356","Inde","5510","Production","0111","Blé","1983","1983","tonnes","42793904","A","Chiffre officiel",""
"QCL","Cultures et produits animaux","356","Inde","5312","Superficie récoltée","0111","Blé","1984","1984","ha","24672000","A","Chiffre officiel",""
"QCL","Cultures et produits animaux","356","Inde","5412","Rendement","0111","Blé","1984","1984","kg/ha","1843.2","A","Chiffre officiel",""
"QCL","Cultures et produits animaux","356","Inde","5510","Production","0111","Blé","1984","1984","tonnes","45476000","A","Chiffre officiel",""
"QCL","Cultures et produits animaux","356","Inde","5312","Superficie récoltée","0111","Blé","1985","1985","ha","23564896","A","Chiffre officiel",""
"QCL","Cultures et produits animaux","356","Inde","5412","Rendement","0111","Blé","1985","1985","kg/ha","1870.1","A","Chiffre officiel",""
"QCL","Cultures et produits animaux","356","Inde","5510","Production","0111","Blé","1985","1985","tonnes","44068800","A","Chiffre officiel",""
"QCL","Cultures et produits animaux","356","Inde","5312","Superficie récoltée","0111","Blé","1986","1986","ha","22997408","A","Chiffre officiel",""
"QCL","Cultures et produits animaux","356","Inde","5412","Rendement","0111","Blé","1986","1986","kg/ha","2046","A","Chiffre officiel",""
"QCL","Cultures et produits animaux","356","Inde","5510","Production","0111","Blé","1986","1986","tonnes","47051808","A","Chiffre officiel",""
"QCL","Cultures et produits animaux","356","Inde","5312","Superficie récoltée","0111","Blé","1987","1987","ha","23131200","A","Chiffre officiel",""
"QCL","Cultures et produits animaux","356","Inde","5412","Rendement","0111","Blé","1987","1987","kg/ha","1916.2","A","Chiffre officiel",""
"QCL","Cultures et produits animaux","356","Inde","5510","Production","0111","Blé","1987","1987","tonnes","44322896","A","Chiffre officiel",""
"QCL","Cultures et produits animaux","356","Inde","5312","Superficie récoltée","0111","Blé","1988","1988","ha","23062704","A","Chiffre officiel",""
"QCL","Cultures et produits animaux","356","Inde","5412","Rendement","0111","Blé","1988","1988","kg/ha","2001.9","A","Chiffre officiel",""
"QCL","Cultures et produits animaux","356","Inde","5510","Production","0111","Blé","1988","1988","tonnes","46169408","A","Chiffre officiel",""
"QCL","Cultures et produits animaux","356","Inde","5312","Superficie récoltée","0111","Blé","1989","1989","ha","24109104","A","Chiffre officiel",""
"QCL","Cultures et produits animaux","356","Inde","5412","Rendement","0111","Blé","1989","1989","kg/ha","2244.4","A","Chiffre officiel",""
"QCL","Cultures et produits animaux","356","Inde","5510","Production","0111","Blé","1989","1989","tonnes","54110208","A","Chiffre officiel",""
"QCL","Cultures et produits animaux","356","Inde","5312","Superficie récoltée","0111","Blé","1990","1990","ha","23501904","A","Chiffre officiel",""
"QCL","Cultures et produits animaux","356","Inde","5412","Rendement","0111","Blé","1990","1990","kg/ha","2121.1","A","Chiffre officiel",""
"QCL","Cultures et produits animaux","356","Inde","5510","Production","0111","Blé","1990","1990","tonnes","49849504","A","Chiffre officiel",""
"QCL","Cultures et produits animaux","356","Inde","5312","Superficie récoltée","0111","Blé","1991","1991","ha","24167104","A","Chiffre officiel",""
"QCL","Cultures et produits animaux","356","Inde","5412","Rendement","0111","Blé","1991","1991","kg/ha","2281.4","A","Chiffre officiel",""
"QCL","Cultures et produits animaux","356","Inde","5510","Production","0111","Blé","1991","1991","tonnes","55134496","A","Chiffre officiel",""
"QCL","Cultures et produits animaux","356","Inde","5312","Superficie récoltée","0111","Blé","1992","1992","ha","23261904","A","Chiffre officiel",""
"QCL","Cultures et produits animaux","356","Inde","5412","Rendement","0111","Blé","1992","1992","kg/ha","2394","A","Chiffre officiel",""
"QCL","Cultures et produits animaux","356","Inde","5510","Production","0111","Blé","1992","1992","tonnes","55689504","A","Chiffre officiel",""
"QCL","Cultures et produits animaux","356","Inde","5312","Superficie récoltée","0111","Blé","1993","1993","ha","24588900","A","Chiffre officiel",""
"QCL","Cultures et produits animaux","356","Inde","5412","Rendement","0111","Blé","1993","1993","kg/ha","2326.7","A","Chiffre officiel",""
"QCL","Cultures et produits animaux","356","Inde","5510","Production","0111","Blé","1993","1993","tonnes","57210100","A","Chiffre officiel",""
"QCL","Cultures et produits animaux","356","Inde","5312","Superficie récoltée","0111","Blé","1994","1994","ha","25147300","A","Chiffre officiel",""
"QCL","Cultures et produits animaux","356","Inde","5412","Rendement","0111","Blé","1994","1994","kg/ha","2379.6","A","Chiffre officiel",""
"QCL","Cultures et produits animaux","356","Inde","5510","Production","0111","Blé","1994","1994","tonnes","59840000","A","Chiffre officiel",""
"QCL","Cultures et produits animaux","356","Inde","5312","Superficie récoltée","0111","Blé","1995","1995","ha","25700000","A","Chiffre officiel",""
"QCL","Cultures et produits animaux","356","Inde","5412","Rendement","0111","Blé","1995","1995","kg/ha","2559","A","Chiffre officiel",""
"QCL","Cultures et produits animaux","356","Inde","5510","Production","0111","Blé","1995","1995","tonnes","65767400","A","Chiffre officiel",""
"QCL","Cultures et produits animaux","356","Inde","5312","Superficie récoltée","0111","Blé","1996","1996","ha","25011000","A","Chiffre officiel",""
"QCL","Cultures et produits animaux","356","Inde","5412","Rendement","0111","Blé","1996","1996","kg/ha","2482.8","A","Chiffre officiel",""
"QCL","Cultures et produits animaux","356","Inde","5510","Production","0111","Blé","1996","1996","tonnes","62097400","A","Chiffre officiel",""
"QCL","Cultures et produits animaux","356","Inde","5312","Superficie récoltée","0111","Blé","1997","1997","ha","25887100","A","Chiffre officiel",""
"QCL","Cultures et produits animaux","356","Inde","5412","Rendement","0111","Blé","1997","1997","kg/ha","2678.9","A","Chiffre officiel",""
"QCL","Cultures et produits animaux","356","Inde","5510","Production","0111","Blé","1997","1997","tonnes","69350200","A","Chiffre officiel",""
"QCL","Cultures et produits animaux","356","Inde","5312","Superficie récoltée","0111","Blé","1998","1998","ha","26696100","A","Chiffre officiel",""
"QCL","Cultures et produits animaux","356","Inde","5412","Rendement","0111","Blé","1998","1998","kg/ha","2485.2","A","Chiffre officiel",""
"QCL","Cultures et produits animaux","356","Inde","5510","Production","0111","Blé","1998","1998","tonnes","66345000","A","Chiffre officiel",""
"QCL","Cultures et produits animaux","356","Inde","5312","Superficie récoltée","0111","Blé","1999","1999","ha","27523300","A","Chiffre officiel",""
"QCL","Cultures et produits animaux","356","Inde","5412","Rendement","0111","Blé","1999","1999","kg/ha","2590.1","A","Chiffre officiel",""
"QCL","Cultures et produits animaux","356","Inde","5510","Production","0111","Blé","1999","1999","tonnes","71287504","A","Chiffre officiel",""
"QCL","Cultures et produits animaux","356","Inde","5312","Superficie récoltée","0111","Blé","2000","2000","ha","27486000","A","Chiffre officiel",""
"QCL","Cultures et produits animaux","356","Inde","5412","Rendement","0111","Blé","2000","2000","kg/ha","2778.5","A","Chiffre officiel",""
"QCL","Cultures et produits animaux","356","Inde","5510","Production","0111","Blé","2000","2000","tonnes","76368896","A","Chiffre officiel",""
"QCL","Cultures et produits animaux","356","Inde","5312","Superficie récoltée","0111","Blé","2001","2001","ha","25730600","A","Chiffre officiel",""
"QCL","Cultures et produits animaux","356","Inde","5412","Rendement","0111","Blé","2001","2001","kg/ha","2708.1","A","Chiffre officiel",""
"QCL","Cultures et produits animaux","356","Inde","5510","Production","0111","Blé","2001","2001","tonnes","69680896","A","Chiffre officiel",""
"QCL","Cultures et produits animaux","356","Inde","5312","Superficie récoltée","0111","Blé","2002","2002","ha","26344700","A","Chiffre officiel",""
"QCL","Cultures et produits animaux","356","Inde","5412","Rendement","0111","Blé","2002","2002","kg/ha","2762.1","A","Chiffre officiel",""
"QCL","Cultures et produits animaux","356","Inde","5510","Production","0111","Blé","2002","2002","tonnes","72766304","A","Chiffre officiel",""
"QCL","Cultures et produits animaux","356","Inde","5312","Superficie récoltée","0111","Blé","2003","2003","ha","25195700","A","Chiffre officiel",""
"QCL","Cultures et produits animaux","356","Inde","5412","Rendement","0111","Blé","2003","2003","kg/ha","2610","A","Chiffre officiel",""
"QCL","Cultures et produits animaux","356","Inde","5510","Production","0111","Blé","2003","2003","tonnes","65760800","A","Chiffre officiel",""
"QCL","Cultures et produits animaux","356","Inde","5312","Superficie récoltée","0111","Blé","2004","2004","ha","26594700","A","Chiffre officiel",""
"QCL","Cultures et produits animaux","356","Inde","5412","Rendement","0111","Blé","2004","2004","kg/ha","2713.2","A","Chiffre officiel",""
"QCL","Cultures et produits animaux","356","Inde","5510","Production","0111","Blé","2004","2004","tonnes","72156200","A","Chiffre officiel",""
"QCL","Cultures et produits animaux","356","Inde","5312","Superficie récoltée","0111","Blé","2005","2005","ha","26382900","A","Chiffre officiel",""
"QCL","Cultures et produits animaux","356","Inde","5412","Rendement","0111","Blé","2005","2005","kg/ha","2601.6","A","Chiffre officiel",""
"QCL","Cultures et produits animaux","356","Inde","5510","Production","0111","Blé","2005","2005","tonnes","68636896","A","Chiffre officiel",""
"QCL","Cultures et produits animaux","356","Inde","5312","Superficie récoltée","0111","Blé","2006","2006","ha","26483600","A","Chiffre officiel",""
"QCL","Cultures et produits animaux","356","Inde","5412","Rendement","0111","Blé","2006","2006","kg/ha","2618.8","A","Chiffre officiel",""
"QCL","Cultures et produits animaux","356","Inde","5510","Production","0111","Blé","2006","2006","tonnes","69354496","A","Chiffre officiel",""
"QCL","Cultures et produits animaux","356","Inde","5312","Superficie récoltée","0111","Blé","2007","2007","ha","27994500","A","Chiffre officiel",""
"QCL","Cultures et produits animaux","356","Inde","5412","Rendement","0111","Blé","2007","2007","kg/ha","2707.9","A","Chiffre officiel",""
"QCL","Cultures et produits animaux","356","Inde","5510","Production","0111","Blé","2007","2007","tonnes","75806704","A","Chiffre officiel",""
"QCL","Cultures et produits animaux","356","Inde","5312","Superficie récoltée","0111","Blé","2008","2008","ha","28038600","A","Chiffre officiel",""
"QCL","Cultures et produits animaux","356","Inde","5412","Rendement","0111","Blé","2008","2008","kg/ha","2802.2","A","Chiffre officiel",""
"QCL","Cultures et produits animaux","356","Inde","5510","Production","0111","Blé","2008","2008","tonnes","78570200","A","Chiffre officiel",""
"QCL","Cultures et produits animaux","356","Inde","5312","Superficie récoltée","0111","Blé","2009","2009","ha","27752400","A","Chiffre officiel",""
"QCL","Cultures et produits animaux","356","Inde","5412","Rendement","0111","Blé","2009","2009","kg/ha","2907.1","A","Chiffre officiel",""
"QCL","Cultures et produits animaux","356","Inde","5510","Production","0111","Blé","2009","2009","tonnes","80679400","A","Chiffre officiel",""
"QCL","Cultures et produits animaux","356","Inde","5312","Superficie récoltée","0111","Blé","2010","2010","ha","28457400","A","Chiffre officiel",""
"QCL","Cultures et produits animaux","356","Inde","5412","Rendement","0111","Blé","2010","2010","kg/ha","2839.5","A","Chiffre officiel",""
"QCL","Cultures et produits animaux","356","Inde","5510","Production","0111","Blé","2010","2010","tonnes","80803600","A","Chiffre officiel",""
"QCL","Cultures et produits animaux","356","Inde","5312","Superficie récoltée","0111","Blé","2011","2011","ha","29068600","A","Chiffre officiel",""
"QCL","Cultures et produits animaux","356","Inde","5412","Rendement","0111","Blé","2011","2011","kg/ha","2988.6","A","Chiffre officiel",""
"QCL","Cultures et produits animaux","356","Inde","5510","Production","0111","Blé","2011","2011","tonnes","86874000","A","Chiffre officiel",""
"QCL","Cultures et produits animaux","356","Inde","5312","Superficie récoltée","0111","Blé","2012","2012","ha","29860000","A","Chiffre officiel",""
"QCL","Cultures et produits animaux","356","Inde","5412","Rendement","0111","Blé","2012","2012","kg/ha","3177.5","A","Chiffre officiel",""
"QCL","Cultures et produits animaux","356","Inde","5510","Production","0111","Blé","2012","2012","tonnes","94880000","A","Chiffre officiel",""
"QCL","Cultures et produits animaux","356","Inde","5312","Superficie récoltée","0111","Blé","2013","2013","ha","29650000","A","Chiffre officiel",""
"QCL","Cultures et produits animaux","356","Inde","5412","Rendement","0111","Blé","2013","2013","kg/ha","3153.8","A","Chiffre officiel",""
"QCL","Cultures et produits animaux","356","Inde","5510","Production","0111","Blé","2013","2013","tonnes","93510000","A","Chiffre officiel",""
"QCL","Cultures et produits animaux","356","Inde","5312","Superficie récoltée","0111","Blé","2014","2014","ha","30470000","A","Chiffre officiel",""
"QCL","Cultures et produits animaux","356","Inde","5412","Rendement","0111","Blé","2014","2014","kg/ha","3145.7","A","Chiffre officiel",""
"QCL","Cultures et produits animaux","356","Inde","5510","Production","0111","Blé","2014","2014","tonnes","95850000","A","Chiffre officiel",""
"QCL","Cultures et produits animaux","356","Inde","5312","Superficie récoltée","0111","Blé","2015","2015","ha","31470000","A","Chiffre officiel",""
"QCL","Cultures et produits animaux","356","Inde","5412","Rendement","0111","Blé","2015","2015","kg/ha","2749.6","A","Chiffre officiel",""
"QCL","Cultures et produits animaux","356","Inde","5510","Production","0111","Blé","2015","2015","tonnes","86530000","A","Chiffre officiel",""
"QCL","Cultures et produits animaux","356","Inde","5312","Superficie récoltée","0111","Blé","2016","2016","ha","30420000","A","Chiffre officiel",""
"QCL","Cultures et produits animaux","356","Inde","5412","Rendement","0111","Blé","2016","2016","kg/ha","3033.9","A","Chiffre officiel",""
"QCL","Cultures et produits animaux","356","Inde","5510","Production","0111","Blé","2016","2016","tonnes","92290000","A","Chiffre officiel",""
"QCL","Cultures et produits animaux","356","Inde","5312","Superficie récoltée","0111","Blé","2017","2017","ha","30785230","A","Chiffre officiel",""
"QCL","Cultures et produits animaux","356","Inde","5412","Rendement","0111","Blé","2017","2017","kg/ha","3199.9","A","Chiffre officiel",""
"QCL","Cultures et produits animaux","356","Inde","5510","Production","0111","Blé","2017","2017","tonnes","98510220","A","Chiffre officiel",""
"QCL","Cultures et produits animaux","356","Inde","5312","Superficie récoltée","0111","Blé","2018","2018","ha","29650590","A","Chiffre officiel",""
"QCL","Cultures et produits animaux","356","Inde","5412","Rendement","0111","Blé","2018","2018","kg/ha","3368.2","A","Chiffre officiel",""
"QCL","Cultures et produits animaux","356","Inde","5510","Production","0111","Blé","2018","2018","tonnes","99869520","A","Chiffre officiel",""
"QCL","Cultures et produits animaux","356","Inde","5312","Superficie récoltée","0111","Blé","2019","2019","ha","29318780","A","Chiffre officiel",""
"QCL","Cultures et produits animaux","356","Inde","5412","Rendement","0111","Blé","2019","2019","kg/ha","3533.4","A","Chiffre officiel",""
"QCL","Cultures et produits animaux","356","Inde","5510","Production","0111","Blé","2019","2019","tonnes","103596230","A","Chiffre officiel",""
"QCL","Cultures et produits animaux","356","Inde","5312","Superficie récoltée","0111","Blé","2020","2020","ha","31357020","A","Chiffre officiel",""
"QCL","Cultures et produits animaux","356","Inde","5412","Rendement","0111","Blé","2020","2020","kg/ha","3439.8","A","Chiffre officiel",""
"QCL","Cultures et produits animaux","356","Inde","5510","Production","0111","Blé","2020","2020","tonnes","107860510","A","Chiffre officiel",""
"QCL","Cultures et produits animaux","356","Inde","5312","Superficie récoltée","0111","Blé","2021","2021","ha","31125160","A","Chiffre officiel",""
"QCL","Cultures et produits animaux","356","Inde","5412","Rendement","0111","Blé","2021","2021","kg/ha","3520.8","A","Chiffre officiel",""
"QCL","Cultures et produits animaux","356","Inde","5510","Production","0111","Blé","2021","2021","tonnes","109586500","A","Chiffre officiel",""
"QCL","Cultures et produits animaux","356","Inde","5312","Superficie récoltée","0111","Blé","2022","2022","ha","30458530","A","Chiffre officiel",""
"QCL","Cultures et produits animaux","356","Inde","5412","Rendement","0111","Blé","2022","2022","kg/ha","3537.3","A","Chiffre officiel",""
"QCL","Cultures et produits animaux","356","Inde","5510","Production","0111","Blé","2022","2022","tonnes","107742070","A","Chiffre officiel",""
"QCL","Cultures et produits animaux","356","Inde","5312","Superficie récoltée","0111","Blé","2023","2023","ha","31400716","A","Chiffre officiel",""
"QCL","Cultures et produits animaux","356","Inde","5412","Rendement","0111","Blé","2023","2023","kg/ha","3520.7","A","Chiffre officiel",""
"QCL","Cultures et produits animaux","356","Inde","5510","Production","0111","Blé","2023","2023","tonnes","110553675.31","A","Chiffre officiel",""
"QCL","Cultures et produits animaux","356","Inde","5312","Superficie récoltée","0111","Blé","2024","2024","ha","31832884","A","Chiffre officiel",""
"QCL","Cultures et produits animaux","356","Inde","5412","Rendement","0111","Blé","2024","2024","kg/ha","3559","A","Chiffre officiel",""
"QCL","Cultures et produits animaux","356","Inde","5510","Production","0111","Blé","2024","2024","tonnes","113292368","A","Chiffre officiel",""
"QCL","Cultures et produits animaux","356","Inde","5312","Superficie récoltée","0112","Maïs","1961","1961","ha","4507000","A","Chiffre officiel",""
"QCL","Cultures et produits animaux","356","Inde","5412","Rendement","0112","Maïs","1961","1961","kg/ha","956.7","A","Chiffre officiel",""
"QCL","Cultures et produits animaux","356","Inde","5510","Production","0112","Maïs","1961","1961","tonnes","4312000","A","Chiffre officiel",""
"QCL","Cultures et produits animaux","356","Inde","5312","Superficie récoltée","0112","Maïs","1962","1962","ha","4643000","A","Chiffre officiel",""
"QCL","Cultures et produits animaux","356","Inde","5412","Rendement","0112","Maïs","1962","1962","kg/ha","992.2","A","Chiffre officiel",""
"QCL","Cultures et produits animaux","356","Inde","5510","Production","0112","Maïs","1962","1962","tonnes","4607000","A","Chiffre officiel",""
"QCL","Cultures et produits animaux","356","Inde","5312","Superficie récoltée","0112","Maïs","1963","1963","ha","4582000","A","Chiffre officiel",""
"QCL","Cultures et produits animaux","356","Inde","5412","Rendement","0112","Maïs","1963","1963","kg/ha","995.4","A","Chiffre officiel",""
"QCL","Cultures et produits animaux","356","Inde","5510","Production","0112","Maïs","1963","1963","tonnes","4561000","A","Chiffre officiel",""
"QCL","Cultures et produits animaux","356","Inde","5312","Superficie récoltée","0112","Maïs","1964","1964","ha","4618000","A","Chiffre officiel",""
"QCL","Cultures et produits animaux","356","Inde","5412","Rendement","0112","Maïs","1964","1964","kg/ha","1010","A","Chiffre officiel",""
"QCL","Cultures et produits animaux","356","Inde","5510","Production","0112","Maïs","1964","1964","tonnes","4664000","A","Chiffre officiel",""
"QCL","Cultures et produits animaux","356","Inde","5312","Superficie récoltée","0112","Maïs","1965","1965","ha","4799000","A","Chiffre officiel",""
"QCL","Cultures et produits animaux","356","Inde","5412","Rendement","0112","Maïs","1965","1965","kg/ha","1005","A","Chiffre officiel",""
"QCL","Cultures et produits animaux","356","Inde","5510","Production","0112","Maïs","1965","1965","tonnes","4823000","A","Chiffre officiel",""
"QCL","Cultures et produits animaux","356","Inde","5312","Superficie récoltée","0112","Maïs","1966","1966","ha","5073800","A","Chiffre officiel",""
"QCL","Cultures et produits animaux","356","Inde","5412","Rendement","0112","Maïs","1966","1966","kg/ha","964.5","A","Chiffre officiel",""
"QCL","Cultures et produits animaux","356","Inde","5510","Production","0112","Maïs","1966","1966","tonnes","4893600","A","Chiffre officiel",""
"QCL","Cultures et produits animaux","356","Inde","5312","Superficie récoltée","0112","Maïs","1967","1967","ha","5583400","A","Chiffre officiel",""
"QCL","Cultures et produits animaux","356","Inde","5412","Rendement","0112","Maïs","1967","1967","kg/ha","1122.8","A","Chiffre officiel",""
"QCL","Cultures et produits animaux","356","Inde","5510","Production","0112","Maïs","1967","1967","tonnes","6269300","A","Chiffre officiel",""
"QCL","Cultures et produits animaux","356","Inde","5312","Superficie récoltée","0112","Maïs","1968","1968","ha","5715800","A","Chiffre officiel",""
"QCL","Cultures et produits animaux","356","Inde","5412","Rendement","0112","Maïs","1968","1968","kg/ha","997.4","A","Chiffre officiel",""
"QCL","Cultures et produits animaux","356","Inde","5510","Production","0112","Maïs","1968","1968","tonnes","5701100","A","Chiffre officiel",""
"QCL","Cultures et produits animaux","356","Inde","5312","Superficie récoltée","0112","Maïs","1969","1969","ha","5862200","A","Chiffre officiel",""
"QCL","Cultures et produits animaux","356","Inde","5412","Rendement","0112","Maïs","1969","1969","kg/ha","967.9","A","Chiffre officiel",""
"QCL","Cultures et produits animaux","356","Inde","5510","Production","0112","Maïs","1969","1969","tonnes","5674300","A","Chiffre officiel",""
"QCL","Cultures et produits animaux","356","Inde","5312","Superficie récoltée","0112","Maïs","1970","1970","ha","5852300","A","Chiffre officiel",""
"QCL","Cultures et produits animaux","356","Inde","5412","Rendement","0112","Maïs","1970","1970","kg/ha","1279.1","A","Chiffre officiel",""
"QCL","Cultures et produits animaux","356","Inde","5510","Production","0112","Maïs","1970","1970","tonnes","7485600","A","Chiffre officiel",""
"QCL","Cultures et produits animaux","356","Inde","5312","Superficie récoltée","0112","Maïs","1971","1971","ha","5667600","A","Chiffre officiel",""
"QCL","Cultures et produits animaux","356","Inde","5412","Rendement","0112","Maïs","1971","1971","kg/ha","899.9","A","Chiffre officiel",""
"QCL","Cultures et produits animaux","356","Inde","5510","Production","0112","Maïs","1971","1971","tonnes","5100500","A","Chiffre officiel",""
"QCL","Cultures et produits animaux","356","Inde","5312","Superficie récoltée","0112","Maïs","1972","1972","ha","5837800","A","Chiffre officiel",""
"QCL","Cultures et produits animaux","356","Inde","5412","Rendement","0112","Maïs","1972","1972","kg/ha","1094.3","A","Chiffre officiel",""
"QCL","Cultures et produits animaux","356","Inde","5510","Production","0112","Maïs","1972","1972","tonnes","6388500","A","Chiffre officiel",""
"QCL","Cultures et produits animaux","356","Inde","5312","Superficie récoltée","0112","Maïs","1973","1973","ha","6015400","A","Chiffre officiel",""
"QCL","Cultures et produits animaux","356","Inde","5412","Rendement","0112","Maïs","1973","1973","kg/ha","964.8","A","Chiffre officiel",""
"QCL","Cultures et produits animaux","356","Inde","5510","Production","0112","Maïs","1973","1973","tonnes","5803500","A","Chiffre officiel",""
"QCL","Cultures et produits animaux","356","Inde","5312","Superficie récoltée","0112","Maïs","1974","1974","ha","5863100","A","Chiffre officiel",""
"QCL","Cultures et produits animaux","356","Inde","5412","Rendement","0112","Maïs","1974","1974","kg/ha","948.1","A","Chiffre officiel",""
"QCL","Cultures et produits animaux","356","Inde","5510","Production","0112","Maïs","1974","1974","tonnes","5558900","A","Chiffre officiel",""
"QCL","Cultures et produits animaux","356","Inde","5312","Superficie récoltée","0112","Maïs","1975","1975","ha","6030700","A","Chiffre officiel",""
"QCL","Cultures et produits animaux","356","Inde","5412","Rendement","0112","Maïs","1975","1975","kg/ha","1203.1","A","Chiffre officiel",""
"QCL","Cultures et produits animaux","356","Inde","5510","Production","0112","Maïs","1975","1975","tonnes","7255800","A","Chiffre officiel",""
"QCL","Cultures et produits animaux","356","Inde","5312","Superficie récoltée","0112","Maïs","1976","1976","ha","6000300","A","Chiffre officiel",""
"QCL","Cultures et produits animaux","356","Inde","5412","Rendement","0112","Maïs","1976","1976","kg/ha","1060.1","A","Chiffre officiel",""
"QCL","Cultures et produits animaux","356","Inde","5510","Production","0112","Maïs","1976","1976","tonnes","6361200","A","Chiffre officiel",""
"QCL","Cultures et produits animaux","356","Inde","5312","Superficie récoltée","0112","Maïs","1977","1977","ha","5682700","A","Chiffre officiel",""
"QCL","Cultures et produits animaux","356","Inde","5412","Rendement","0112","Maïs","1977","1977","kg/ha","1051.1","A","Chiffre officiel",""
"QCL","Cultures et produits animaux","356","Inde","5510","Production","0112","Maïs","1977","1977","tonnes","5973300","A","Chiffre officiel",""
"QCL","Cultures et produits animaux","356","Inde","5312","Superficie récoltée","0112","Maïs","1978","1978","ha","5760000","A","Chiffre officiel",""
"QCL","Cultures et produits animaux","356","Inde","5412","Rendement","0112","Maïs","1978","1978","kg/ha","1076.2","A","Chiffre officiel",""
"QCL","Cultures et produits animaux","356","Inde","5510","Production","0112","Maïs","1978","1978","tonnes","6199000","A","Chiffre officiel",""
"QCL","Cultures et produits animaux","356","Inde","5312","Superficie récoltée","0112","Maïs","1979","1979","ha","5720600","A","Chiffre officiel",""
"QCL","Cultures et produits animaux","356","Inde","5412","Rendement","0112","Maïs","1979","1979","kg/ha","979.4","A","Chiffre officiel",""
"QCL","Cultures et produits animaux","356","Inde","5510","Production","0112","Maïs","1979","1979","tonnes","5602900","A","Chiffre officiel",""
"QCL","Cultures et produits animaux","356","Inde","5312","Superficie récoltée","0112","Maïs","1980","1980","ha","6004800","A","Chiffre officiel",""
"QCL","Cultures et produits animaux","356","Inde","5412","Rendement","0112","Maïs","1980","1980","kg/ha","1158.6","A","Chiffre officiel",""
"QCL","Cultures et produits animaux","356","Inde","5510","Production","0112","Maïs","1980","1980","tonnes","6957000","A","Chiffre officiel",""
"QCL","Cultures et produits animaux","356","Inde","5312","Superficie récoltée","0112","Maïs","1981","1981","ha","5934700","A","Chiffre officiel",""
"QCL","Cultures et produits animaux","356","Inde","5412","Rendement","0112","Maïs","1981","1981","kg/ha","1162.2","A","Chiffre officiel",""
"QCL","Cultures et produits animaux","356","Inde","5510","Production","0112","Maïs","1981","1981","tonnes","6897100","A","Chiffre officiel",""
"QCL","Cultures et produits animaux","356","Inde","5312","Superficie récoltée","0112","Maïs","1982","1982","ha","5720300","A","Chiffre officiel",""
"QCL","Cultures et produits animaux","356","Inde","5412","Rendement","0112","Maïs","1982","1982","kg/ha","1144.8","A","Chiffre officiel",""
"QCL","Cultures et produits animaux","356","Inde","5510","Production","0112","Maïs","1982","1982","tonnes","6548500","A","Chiffre officiel",""
"QCL","Cultures et produits animaux","356","Inde","5312","Superficie récoltée","0112","Maïs","1983","1983","ha","5859000","A","Chiffre officiel",""
"QCL","Cultures et produits animaux","356","Inde","5412","Rendement","0112","Maïs","1983","1983","kg/ha","1352.1","A","Chiffre officiel",""
"QCL","Cultures et produits animaux","356","Inde","5510","Production","0112","Maïs","1983","1983","tonnes","7922000","A","Chiffre officiel",""
"QCL","Cultures et produits animaux","356","Inde","5312","Superficie récoltée","0112","Maïs","1984","1984","ha","5799500","A","Chiffre officiel",""
"QCL","Cultures et produits animaux","356","Inde","5412","Rendement","0112","Maïs","1984","1984","kg/ha","1455.6","A","Chiffre officiel",""
"QCL","Cultures et produits animaux","356","Inde","5510","Production","0112","Maïs","1984","1984","tonnes","8441800","A","Chiffre officiel",""
"QCL","Cultures et produits animaux","356","Inde","5312","Superficie récoltée","0112","Maïs","1985","1985","ha","5797200","A","Chiffre officiel",""
"QCL","Cultures et produits animaux","356","Inde","5412","Rendement","0112","Maïs","1985","1985","kg/ha","1146","A","Chiffre officiel",""
"QCL","Cultures et produits animaux","356","Inde","5510","Production","0112","Maïs","1985","1985","tonnes","6643700","A","Chiffre officiel",""
"QCL","Cultures et produits animaux","356","Inde","5312","Superficie récoltée","0112","Maïs","1986","1986","ha","5923100","A","Chiffre officiel",""
"QCL","Cultures et produits animaux","356","Inde","5412","Rendement","0112","Maïs","1986","1986","kg/ha","1281.9","A","Chiffre officiel",""
"QCL","Cultures et produits animaux","356","Inde","5510","Production","0112","Maïs","1986","1986","tonnes","7592800","A","Chiffre officiel",""
"QCL","Cultures et produits animaux","356","Inde","5312","Superficie récoltée","0112","Maïs","1987","1987","ha","5560900","A","Chiffre officiel",""
"QCL","Cultures et produits animaux","356","Inde","5412","Rendement","0112","Maïs","1987","1987","kg/ha","1028.8","A","Chiffre officiel",""
"QCL","Cultures et produits animaux","356","Inde","5510","Production","0112","Maïs","1987","1987","tonnes","5721300","A","Chiffre officiel",""
"QCL","Cultures et produits animaux","356","Inde","5312","Superficie récoltée","0112","Maïs","1988","1988","ha","5896700","A","Chiffre officiel",""
"QCL","Cultures et produits animaux","356","Inde","5412","Rendement","0112","Maïs","1988","1988","kg/ha","1395.5","A","Chiffre officiel",""
"QCL","Cultures et produits animaux","356","Inde","5510","Production","0112","Maïs","1988","1988","tonnes","8228700","A","Chiffre officiel",""
"QCL","Cultures et produits animaux","356","Inde","5312","Superficie récoltée","0112","Maïs","1989","1989","ha","5915100","A","Chiffre officiel",""
"QCL","Cultures et produits animaux","356","Inde","5412","Rendement","0112","Maïs","1989","1989","kg/ha","1631.6","A","Chiffre officiel",""
"QCL","Cultures et produits animaux","356","Inde","5510","Production","0112","Maïs","1989","1989","tonnes","9651300","A","Chiffre officiel",""
"QCL","Cultures et produits animaux","356","Inde","5312","Superficie récoltée","0112","Maïs","1990","1990","ha","5904300","A","Chiffre officiel",""
"QCL","Cultures et produits animaux","356","Inde","5412","Rendement","0112","Maïs","1990","1990","kg/ha","1517.8","A","Chiffre officiel",""
"QCL","Cultures et produits animaux","356","Inde","5510","Production","0112","Maïs","1990","1990","tonnes","8961700","A","Chiffre officiel",""
"QCL","Cultures et produits animaux","356","Inde","5312","Superficie récoltée","0112","Maïs","1991","1991","ha","5859400","A","Chiffre officiel",""
"QCL","Cultures et produits animaux","356","Inde","5412","Rendement","0112","Maïs","1991","1991","kg/ha","1376.3","A","Chiffre officiel",""
"QCL","Cultures et produits animaux","356","Inde","5510","Production","0112","Maïs","1991","1991","tonnes","8064400","A","Chiffre officiel",""
"QCL","Cultures et produits animaux","356","Inde","5312","Superficie récoltée","0112","Maïs","1992","1992","ha","5511000","A","Chiffre officiel",""
"QCL","Cultures et produits animaux","356","Inde","5412","Rendement","0112","Maïs","1992","1992","kg/ha","1622.7","A","Chiffre officiel",""
"QCL","Cultures et produits animaux","356","Inde","5510","Production","0112","Maïs","1992","1992","tonnes","8942900","A","Chiffre officiel",""
"QCL","Cultures et produits animaux","356","Inde","5312","Superficie récoltée","0112","Maïs","1993","1993","ha","6037800","A","Chiffre officiel",""
"QCL","Cultures et produits animaux","356","Inde","5412","Rendement","0112","Maïs","1993","1993","kg/ha","1586.6","A","Chiffre officiel",""
"QCL","Cultures et produits animaux","356","Inde","5510","Production","0112","Maïs","1993","1993","tonnes","9579500","A","Chiffre officiel",""
"QCL","Cultures et produits animaux","356","Inde","5312","Superficie récoltée","0112","Maïs","1994","1994","ha","5922800","A","Chiffre officiel",""
"QCL","Cultures et produits animaux","356","Inde","5412","Rendement","0112","Maïs","1994","1994","kg/ha","1471.6","A","Chiffre officiel",""
"QCL","Cultures et produits animaux","356","Inde","5510","Production","0112","Maïs","1994","1994","tonnes","8716100","A","Chiffre officiel",""
"QCL","Cultures et produits animaux","356","Inde","5312","Superficie récoltée","0112","Maïs","1995","1995","ha","6141300","A","Chiffre officiel",""
"QCL","Cultures et produits animaux","356","Inde","5412","Rendement","0112","Maïs","1995","1995","kg/ha","1550.3","A","Chiffre officiel",""
"QCL","Cultures et produits animaux","356","Inde","5510","Production","0112","Maïs","1995","1995","tonnes","9521100","A","Chiffre officiel",""
"QCL","Cultures et produits animaux","356","Inde","5312","Superficie récoltée","0112","Maïs","1996","1996","ha","6172700","A","Chiffre officiel",""
"QCL","Cultures et produits animaux","356","Inde","5412","Rendement","0112","Maïs","1996","1996","kg/ha","1678","A","Chiffre officiel",""
"QCL","Cultures et produits animaux","356","Inde","5510","Production","0112","Maïs","1996","1996","tonnes","10358020","A","Chiffre officiel",""
"QCL","Cultures et produits animaux","356","Inde","5312","Superficie récoltée","0112","Maïs","1997","1997","ha","6308500","A","Chiffre officiel",""
"QCL","Cultures et produits animaux","356","Inde","5412","Rendement","0112","Maïs","1997","1997","kg/ha","1747.7","A","Chiffre officiel",""
"QCL","Cultures et produits animaux","356","Inde","5510","Production","0112","Maïs","1997","1997","tonnes","11025180","A","Chiffre officiel",""
"QCL","Cultures et produits animaux","356","Inde","5312","Superficie récoltée","0112","Maïs","1998","1998","ha","6150700","A","Chiffre officiel",""
"QCL","Cultures et produits animaux","356","Inde","5412","Rendement","0112","Maïs","1998","1998","kg/ha","1776.7","A","Chiffre officiel",""
"QCL","Cultures et produits animaux","356","Inde","5510","Production","0112","Maïs","1998","1998","tonnes","10928100","A","Chiffre officiel",""
"QCL","Cultures et produits animaux","356","Inde","5312","Superficie récoltée","0112","Maïs","1999","1999","ha","6339600","A","Chiffre officiel",""
"QCL","Cultures et produits animaux","356","Inde","5412","Rendement","0112","Maïs","1999","1999","kg/ha","1784.8","A","Chiffre officiel",""
"QCL","Cultures et produits animaux","356","Inde","5510","Production","0112","Maïs","1999","1999","tonnes","11315200","A","Chiffre officiel",""
"QCL","Cultures et produits animaux","356","Inde","5312","Superficie récoltée","0112","Maïs","2000","2000","ha","6682300","A","Chiffre officiel",""
"QCL","Cultures et produits animaux","356","Inde","5412","Rendement","0112","Maïs","2000","2000","kg/ha","1799.2","A","Chiffre officiel",""
"QCL","Cultures et produits animaux","356","Inde","5510","Production","0112","Maïs","2000","2000","tonnes","12023000","A","Chiffre officiel",""
"QCL","Cultures et produits animaux","356","Inde","5312","Superficie récoltée","0112","Maïs","2001","2001","ha","6558000","A","Chiffre officiel",""
"QCL","Cultures et produits animaux","356","Inde","5412","Rendement","0112","Maïs","2001","2001","kg/ha","1993.3","A","Chiffre officiel",""
"QCL","Cultures et produits animaux","356","Inde","5510","Production","0112","Maïs","2001","2001","tonnes","13071900","A","Chiffre officiel",""
"QCL","Cultures et produits animaux","356","Inde","5312","Superficie récoltée","0112","Maïs","2002","2002","ha","6623800","A","Chiffre officiel",""
"QCL","Cultures et produits animaux","356","Inde","5412","Rendement","0112","Maïs","2002","2002","kg/ha","1688.5","A","Chiffre officiel",""
"QCL","Cultures et produits animaux","356","Inde","5510","Production","0112","Maïs","2002","2002","tonnes","11184300","A","Chiffre officiel",""
"QCL","Cultures et produits animaux","356","Inde","5312","Superficie récoltée","0112","Maïs","2003","2003","ha","7249200","A","Chiffre officiel",""
"QCL","Cultures et produits animaux","356","Inde","5412","Rendement","0112","Maïs","2003","2003","kg/ha","2015.9","A","Chiffre officiel",""
"QCL","Cultures et produits animaux","356","Inde","5510","Production","0112","Maïs","2003","2003","tonnes","14613700","A","Chiffre officiel",""
"QCL","Cultures et produits animaux","356","Inde","5312","Superficie récoltée","0112","Maïs","2004","2004","ha","7347500","A","Chiffre officiel",""
"QCL","Cultures et produits animaux","356","Inde","5412","Rendement","0112","Maïs","2004","2004","kg/ha","1868.2","A","Chiffre officiel",""
"QCL","Cultures et produits animaux","356","Inde","5510","Production","0112","Maïs","2004","2004","tonnes","13726300","A","Chiffre officiel",""
"QCL","Cultures et produits animaux","356","Inde","5312","Superficie récoltée","0112","Maïs","2005","2005","ha","7594100","A","Chiffre officiel",""
"QCL","Cultures et produits animaux","356","Inde","5412","Rendement","0112","Maïs","2005","2005","kg/ha","1955.7","A","Chiffre officiel",""
"QCL","Cultures et produits animaux","356","Inde","5510","Production","0112","Maïs","2005","2005","tonnes","14851500","A","Chiffre officiel",""
"QCL","Cultures et produits animaux","356","Inde","5312","Superficie récoltée","0112","Maïs","2006","2006","ha","7790800","A","Chiffre officiel",""
"QCL","Cultures et produits animaux","356","Inde","5412","Rendement","0112","Maïs","2006","2006","kg/ha","1811.1","A","Chiffre officiel",""
"QCL","Cultures et produits animaux","356","Inde","5510","Production","0112","Maïs","2006","2006","tonnes","14110300","A","Chiffre officiel",""
"QCL","Cultures et produits animaux","356","Inde","5312","Superficie récoltée","0112","Maïs","2007","2007","ha","8052300","A","Chiffre officiel",""
"QCL","Cultures et produits animaux","356","Inde","5412","Rendement","0112","Maïs","2007","2007","kg/ha","2315.8","A","Chiffre officiel",""
"QCL","Cultures et produits animaux","356","Inde","5510","Production","0112","Maïs","2007","2007","tonnes","18647400","A","Chiffre officiel",""
"QCL","Cultures et produits animaux","356","Inde","5312","Superficie récoltée","0112","Maïs","2008","2008","ha","7893300","A","Chiffre officiel",""
"QCL","Cultures et produits animaux","356","Inde","5412","Rendement","0112","Maïs","2008","2008","kg/ha","2276.5","A","Chiffre officiel",""
"QCL","Cultures et produits animaux","356","Inde","5510","Production","0112","Maïs","2008","2008","tonnes","17969200","A","Chiffre officiel",""
"QCL","Cultures et produits animaux","356","Inde","5312","Superficie récoltée","0112","Maïs","2009","2009","ha","8342492","A","Chiffre officiel",""
"QCL","Cultures et produits animaux","356","Inde","5412","Rendement","0112","Maïs","2009","2009","kg/ha","2146.1","A","Chiffre officiel",""
"QCL","Cultures et produits animaux","356","Inde","5510","Production","0112","Maïs","2009","2009","tonnes","17904191","A","Chiffre officiel",""
"QCL","Cultures et produits animaux","356","Inde","5312","Superficie récoltée","0112","Maïs","2010","2010","ha","8480267","A","Chiffre officiel",""
"QCL","Cultures et produits animaux","356","Inde","5412","Rendement","0112","Maïs","2010","2010","kg/ha","2483.8","A","Chiffre officiel",""
"QCL","Cultures et produits animaux","356","Inde","5510","Production","0112","Maïs","2010","2010","tonnes","21063550.6","A","Chiffre officiel",""
"QCL","Cultures et produits animaux","356","Inde","5312","Superficie récoltée","0112","Maïs","2011","2011","ha","8652320","A","Chiffre officiel",""
"QCL","Cultures et produits animaux","356","Inde","5412","Rendement","0112","Maïs","2011","2011","kg/ha","2493.5","A","Chiffre officiel",""
"QCL","Cultures et produits animaux","356","Inde","5510","Production","0112","Maïs","2011","2011","tonnes","21574657.4","A","Chiffre officiel",""
"QCL","Cultures et produits animaux","356","Inde","5312","Superficie récoltée","0112","Maïs","2012","2012","ha","8615188","A","Chiffre officiel",""
"QCL","Cultures et produits animaux","356","Inde","5412","Rendement","0112","Maïs","2012","2012","kg/ha","2493","A","Chiffre officiel",""
"QCL","Cultures et produits animaux","356","Inde","5510","Production","0112","Maïs","2012","2012","tonnes","21477569","A","Chiffre officiel",""
"QCL","Cultures et produits animaux","356","Inde","5312","Superficie récoltée","0112","Maïs","2013","2013","ha","8767898","A","Chiffre officiel",""
"QCL","Cultures et produits animaux","356","Inde","5412","Rendement","0112","Maïs","2013","2013","kg/ha","2645.9","A","Chiffre officiel",""
"QCL","Cultures et produits animaux","356","Inde","5510","Production","0112","Maïs","2013","2013","tonnes","23198940.44","A","Chiffre officiel",""
"QCL","Cultures et produits animaux","356","Inde","5312","Superficie récoltée","0112","Maïs","2014","2014","ha","9319980","A","Chiffre officiel",""
"QCL","Cultures et produits animaux","356","Inde","5412","Rendement","0112","Maïs","2014","2014","kg/ha","2588.8","A","Chiffre officiel",""
"QCL","Cultures et produits animaux","356","Inde","5510","Production","0112","Maïs","2014","2014","tonnes","24127852.08","A","Chiffre officiel",""
"QCL","Cultures et produits animaux","356","Inde","5312","Superficie récoltée","0112","Maïs","2015","2015","ha","8801813","A","Chiffre officiel",""
"QCL","Cultures et produits animaux","356","Inde","5412","Rendement","0112","Maïs","2015","2015","kg/ha","2637.2","A","Chiffre officiel",""
"QCL","Cultures et produits animaux","356","Inde","5510","Production","0112","Maïs","2015","2015","tonnes","23212166.9","A","Chiffre officiel",""
"QCL","Cultures et produits animaux","356","Inde","5312","Superficie récoltée","0112","Maïs","2016","2016","ha","9467938","A","Chiffre officiel",""
"QCL","Cultures et produits animaux","356","Inde","5412","Rendement","0112","Maïs","2016","2016","kg/ha","2686.3","A","Chiffre officiel",""
"QCL","Cultures et produits animaux","356","Inde","5510","Production","0112","Maïs","2016","2016","tonnes","25433487.4","A","Chiffre officiel",""
"QCL","Cultures et produits animaux","356","Inde","5312","Superficie récoltée","0112","Maïs","2017","2017","ha","9225196","A","Chiffre officiel",""
"QCL","Cultures et produits animaux","356","Inde","5412","Rendement","0112","Maïs","2017","2017","kg/ha","2937.5","A","Chiffre officiel",""
"QCL","Cultures et produits animaux","356","Inde","5510","Production","0112","Maïs","2017","2017","tonnes","27099085.11","A","Chiffre officiel",""
"QCL","Cultures et produits animaux","356","Inde","5312","Superficie récoltée","0112","Maïs","2018","2018","ha","9276951","A","Chiffre officiel",""
"QCL","Cultures et produits animaux","356","Inde","5412","Rendement","0112","Maïs","2018","2018","kg/ha","3023.4","A","Chiffre officiel",""
"QCL","Cultures et produits animaux","356","Inde","5510","Production","0112","Maïs","2018","2018","tonnes","28048097.7","A","Chiffre officiel",""
"QCL","Cultures et produits animaux","356","Inde","5312","Superficie récoltée","0112","Maïs","2019","2019","ha","9249478","A","Chiffre officiel",""
"QCL","Cultures et produits animaux","356","Inde","5412","Rendement","0112","Maïs","2019","2019","kg/ha","2998.1","A","Chiffre officiel",""
"QCL","Cultures et produits animaux","356","Inde","5510","Production","0112","Maïs","2019","2019","tonnes","27730830.78","A","Chiffre officiel",""
"QCL","Cultures et produits animaux","356","Inde","5312","Superficie récoltée","0112","Maïs","2020","2020","ha","9771598","A","Chiffre officiel",""
"QCL","Cultures et produits animaux","356","Inde","5412","Rendement","0112","Maïs","2020","2020","kg/ha","3161.4","A","Chiffre officiel",""
"QCL","Cultures et produits animaux","356","Inde","5510","Production","0112","Maïs","2020","2020","tonnes","30891725.28","A","Chiffre officiel",""
"QCL","Cultures et produits animaux","356","Inde","5312","Superficie récoltée","0112","Maïs","2021","2021","ha","9921097","A","Chiffre officiel",""
"QCL","Cultures et produits animaux","356","Inde","5412","Rendement","0112","Maïs","2021","2021","kg/ha","3303.3","A","Chiffre officiel",""
"QCL","Cultures et produits animaux","356","Inde","5510","Production","0112","Maïs","2021","2021","tonnes","32772407.24","A","Chiffre officiel",""
"QCL","Cultures et produits animaux","356","Inde","5312","Superficie récoltée","0112","Maïs","2022","2022","ha","10226318","A","Chiffre officiel",""
"QCL","Cultures et produits animaux","356","Inde","5412","Rendement","0112","Maïs","2022","2022","kg/ha","3395.4","A","Chiffre officiel",""
"QCL","Cultures et produits animaux","356","Inde","5510","Production","0112","Maïs","2022","2022","tonnes","34722657.26","A","Chiffre officiel",""
"QCL","Cultures et produits animaux","356","Inde","5312","Superficie récoltée","0112","Maïs","2023","2023","ha","11019656","A","Chiffre officiel",""
"QCL","Cultures et produits animaux","356","Inde","5412","Rendement","0112","Maïs","2023","2023","kg/ha","3326.5","A","Chiffre officiel",""
"QCL","Cultures et produits animaux","356","Inde","5510","Production","0112","Maïs","2023","2023","tonnes","36656692.78","A","Chiffre officiel",""
"QCL","Cultures et produits animaux","356","Inde","5312","Superficie récoltée","0112","Maïs","2024","2024","ha","11349065","A","Chiffre officiel",""
"QCL","Cultures et produits animaux","356","Inde","5412","Rendement","0112","Maïs","2024","2024","kg/ha","3544.8","A","Chiffre officiel",""
"QCL","Cultures et produits animaux","356","Inde","5510","Production","0112","Maïs","2024","2024","tonnes","40230572.74","A","Chiffre officiel",""
